"Date","AK","AZ","CA","CO","HI","ID","MT","NM","NV","OR","UT","WA","WY","IA","IL","IN","KS","MI","MN","MO","ND","NE","OH","OK","SD","WI","AL","AR","FL","GA","KY","LA","MS","NC","SC","TN","TX","VA","WV","CT","DC","DE","MA","MD","ME","NH","NJ","NY","PA","RI","VT","GU","MP","PR","VI","deaths_New","deaths_Cml","time_last_update"
2020-02-29,"","","","","","","","","","","","1","","","","","","","","","","","","","","","","","","","","","","","","","","","","","","","","","","","","","","","","","","","","1","1",NA
2020-03-01,"","","","","","","","","","","","1","","","","","","","","","","","","","","","","","","","","","","","","","","","","","","","","","","","","","","","","","","","","1","2",NA
2020-03-02,"","","","","","","","","","","","4","","","","","","","","","","","","","","","","","","","","","","","","","","","","","","","","","","","","","","","","","","","","4","6",NA
2020-03-03,"","","","","","","","","","","","3","","","","","","","","","","","","","","","","","","","","","","","","","","","","","","","","","","","","","","","","","","","","3","9",NA
2020-03-04,"","","1","","","","","","","","","1","","","","","","","","","","","","","","","","","","","","","","","","","","","","","","","","","","","","","","","","","","","","2","11",NA
2020-03-05,"","","","","","","","","","","","","","","","","","","","","","","","","","","","","","","","","","","","","","","","","","","","","","","","","","","","","","","","","11",NA
2020-03-06,"","","","","","","","","","","","1","","","","","","","","","","","","","","","","","2","","","","","","","","","","","","","","","","","","","","","","","","","","","3","14",NA
2020-03-07,"","","","","","","","","","","","5","","","","","","","","","","","","","","","","","","","","","","","","","","","","","","","","","","","","","","","","","","","","5","19",NA
2020-03-08,"","","","","","","","","","","","2","","","","","","","","","","","","","","","","","","","","","","","","","","","","","","","","","","","","","","","","","","","","2","21",NA
2020-03-09,"","","1","","","","","","","","","4","","","","","","","","","","","","","","","","","","","","","","","","","","","","","","","","","","","","","","","","","","","","5","26",NA
2020-03-10,"","","1","","","","","","","","","2","","","","","","","","","","","","","1","","","","","","","","","","","","","","","","","","","","","","1","","","","","","","","","5","31",NA
2020-03-11,"","","1","","","","","","","","","5","","","","","","","","","","","","","","","","","","","","","","","","","","","","","","","","","","","","","","","","","","","","6","37",NA
2020-03-12,"","","","","","","","","","","","2","","","","","1","","","","","","","","","","","","","1","","","","","","","","","","","","","","","","","","","","","","","","","","4","41",NA
2020-03-13,"","","1","1","","","","","","","","6","","","","","","","","","","","","","","","","","","","","","","","","","","","","","","","","","","","","","","","","","","","","8","49",NA
2020-03-14,"","","","","","","","","","","","3","","","","","","","","","","","","","","","","","1","","","1","","","","","","1","","","","","","","","","","1","","","","","","","","7","56",NA
2020-03-15,"","","1","","","","","","","1","","2","","","","","","","","","","","","","","","","","","","","1","","","","","","","","","","","","","","","1","","","","","","","","","6","62",NA
2020-03-16,"","","","","","","","","1","","","6","","","","2","","","","","","","","","","","","","1","","1","1","","","1","","","","","","","","","","","","1","","","","","","","","","14","76",NA
2020-03-17,"","","5","1","","","","","","","","4","","","1","","","","","","","","","","","","","","2","","","1","","","","","1","","","","","","","","","","","6","","","","","","","","21","97",NA
2020-03-18,"","","2","","","","","","","2","","14","","","","","","","","1","","","","","","","","","1","","","3","","","","","1","","","","","","","","","","2","","","","","","","","","26","123",NA
2020-03-19,"","","3","2","","","","","","","","8","","","3","","","1","","","","","","1","","","","","1","9","","3","","","","","1","1","","","","","","","","","4","14","1","","","","","","","52","175",NA
2020-03-20,"","1","3","","","","","","","","","9","","","1","1","","2","","","","","1","","","3","","","2","4","","4","1","","","","2","","","","1","","1","1","","","2","14","","","2","","","","","55","230",NA
2020-03-21,"","","4","","","","","","1","","","11","","","1","","1","2","1","2","","","2","","","1","","","1","","1","2","","","","","","","","5","","","1","1","","","5","25","1","","","","","","","68","298",NA
2020-03-22,"","1","4","2","","","","","","1","1","1","","","3","3","","3","","","","","","1","","","","","2","15","1","4","","","2","","","1","","3","","","3","1","","","4","54","","","","","","","","110","408",NA
2020-03-23,"","","","1","","","","","","","","15","","","3","1","","7","","","","","3","","","1","","","4","","","14","","","2","2","","3","","","1","","","","","","7","43","","","1","1","","2","","111","519",NA
2020-03-24,"1","3","13","","","","","","","","","13","","","4","","","9","","2","","","2","1","","","","","3","3","1","12","","","","","4","1","","4","","","6","","","1","17","53","5","","4","","","","","162","681",NA
2020-03-25,"","","13","12","","","","","","6","","9","","","3","7","1","19","","3","","","2","2","","1","1","2","3","","","19","4","1","2","1","3","2","","7","","","4","","","","18","75","4","","1","","","","","225","906",NA
2020-03-26,"","3","12","5","","3","","1","","","","15","","","7","3","","17","1","","","","","2","","2","","","5","16","","18","1","1","2","","6","4","","2","","2","","1","","","19","100","5","","","","","","","253","1159",NA
2020-03-27,"1","5","13","7","","1","1","","8","2","1","28","","3","8","7","1","32","2","1","1","2","9","1","","5","2","1","18","16","4","36","2","1","4","3","5","1","","6","2","","20","1","1","1","27","134","6","","2","","","1","","433","1592",NA
2020-03-28,"","2","23","13","","1","","1","4","1","","14","","","13","7","1","19","1","1","","","6","7","","","","2","10","15","","18","5","1","2","","4","3","","6","","3","9","","","","32","209","12","","2","","","","","447","2039",NA
2020-03-29,"1","2","","3","","1","","","1","","","6","","1","18","1","1","21","4","2","","","4","1","","","1","1","4","4","","14","1","1","1","1","7","5","1","1","5","1","4","5","2","1","21","237","4","1","","","","2","","392","2431",NA
2020-03-30,"","3","34","4","","1","3","2","","3","2","27","","2","8","3","2","52","1","1","2","","10","1","","1","2","1","11","4","3","34","2","1","2","6","4","3","","2","","","8","5","","","37","253","10","3","","","1","1","","555","2986",NA
2020-03-31,"","4","15","18","1","2","","1","2","2","1","3","","","26","14","1","75","2","1","","1","16","6","","2","7","","14","38","6","54","4","2","4","10","3","2","","33","2","4","33","3","2","","69","332","","4","1","1","","","","821","3807",NA
2020-04-01,"","5","21","11","","","1","1","9","1","2","22","","3","42","16","1","78","5","4","","1","10","7","1","8","4","3","16","14","3","34","2","2","4","1","17","7","1","16","1","1","33","13","2","1","88","391","26","2","3","1","","5","","940","4747",NA
2020-04-02,"","3","32","17","1","","","1","12","2","","15","","2","16","13","3","80","1","1","","1","16","4","","7","","2","43","24","","37","4","6","5","8","12","7","","27","","1","32","5","","1","182","432","16","2","1","","","1","","1075","5822",NA
2020-04-03,"","9","34","14","1","1","","3","5","1","","22","","","53","24","4","62","4","","","1","10","4","","6","3","","26","21","17","60","3","3","3","5","20","5","","19","3","2","38","6","2","2","109","562","12","2","","1","","3","","1185","7007",NA
2020-04-04,"2","11","39","15","","","","1","3","4","1","26","","3","33","14","4","61","2","5","","2","11","4","","19","6","2","25","24","3","39","6","5","6","6","15","5","","34","6","","24","11","1","2","200","630","34","3","3","","","3","","1353","8360",NA
2020-04-05,"1","12","43","14","1","","","1","","1","","28","","8","31","11","1","77","5","10","","","17","4","","12","5","2","26","3","5","68","8","7","4","1","22","","1","24","1","","15","14","","","71","594","14","8","2","","","2","1","1175","9535",NA
2020-04-06,"","1","24","10","1","3","1","","","2","5","34","","3","33","12","3","110","1","5","","","23","5","2","9","1","","33","18","14","35","8","2","4","21","13","3","1","17","","1","29","24","","","86","599","12","2","1","","","1","","1212","10747",NA
2020-04-07,"","8","31","29","","2","","1","12","4","","22","","1","73","34","2","118","4","14","1","2","25","16","2","15","7","2","42","100","6","70","8","13","3","7","14","9","","71","","1","96","12","2","4","229","731","78","3","","","1","2","","1927","12674",NA
2020-04-08,"1","7","68","14","","3","","3","13","5","","27","","1","82","30","11","114","5","5","","2","26","12","","7","9","","13","33","8","70","8","7","12","7","23","12","","58","5","3","77","21","2","5","272","779","70","5","","","","1","","1936","14610",NA
2020-04-09,"","9","50","33","1","6","","1","9","6","","25","","2","66","42","4","117","11","19","1","3","20","1","","12","","3","62","17","6","50","9","12","4","15","22","34","1","45","5","4","70","14","2","3","196","799","28","8","","","","9","","1856","16466",NA
2020-04-10,"","8","49","24","2","1","","2","6","4","4","29","","2","68","55","8","205","7","19","1","2","18","8","","17","10","3","48","37","11","53","6","9","5","4","27","12","","68","6","9","96","33","1","1","232","777","78","6","1","","","6","","2078","18544",NA
2020-04-11,"1","11","68","24","","2","","1","22","3","1","16","","3","81","30","5","111","7","13","1","","16","6","","9","2","1","27","12","4","51","11","6","8","3","28","9","1","46","9","1","87","35","2","1","251","783","78","7","1","1","","3","","1899","20443",NA
2020-04-12,"","7","42","16","1","","","6","6","1","","17","","7","43","13","1","95","6","1","1","","6","2","","7","1","2","15","14","","34","3","1","2","","17","11","2","60","3","2","70","29","","","167","758","13","7","2","","","2","","1493","21936",NA
2020-04-13,"","7","36","18","","6","1","5","","1","","8","1","2","74","7","6","115","","4","","1","15","3","","10","1","2","38","38","10","44","2","5","5","8","16","8","1","48","2","6","88","27","","","93","671","17","10","1","","","1","","1462","23398",NA
2020-04-14,"1","9","71","21","","6","","5","16","2","1","25","","6","74","37","7","166","9","19","1","2","56","9","","16","11","3","72","44","11","129","13","22","10","15","31","5","1","69","15","2","113","40","1","4","362","778","60","7","1","","","","","2378","25776",NA
2020-04-15,"","11","63","28","","2","","","1","3","1","26","1","4","80","53","7","153","8","14","","1","37","15","","12","2","2","43","52","7","90","11","9","10","11","46","41","2","197","5","3","151","47","4","5","351","752","63","7","1","","","6","","2438","28214",NA
2020-04-16,"","8","69","17","","","","8","11","6","1","16","","7","124","37","4","172","7","5","","3","28","8","1","15","7","3","52","41","7","53","7","14","2","6","29","13","1","103","9","6","137","43","3","2","362","606","60","18","5","","","5","","2141","30355",NA
2020-04-17,"","19","95","17","","2","1","7","9","6","2","20","","4","62","42","4","134","17","13","","","29","5","","8","14","","60","51","8","57","11","21","7","1","35","23","3","65","5","9","159","33","2","3","322","630","49","13","","","","2","1","2080","32435",NA
2020-04-18,"","8","87","20","","1","2","","4","2","2","21","","10","125","10","2","81","10","10","","4","16","3","","6","17","1","14","9","7","54","12","12","3","3","25","27","2","50","5","6","156","38","3","1","230","540","80","19","3","","","2","","1743","34178",NA
2020-04-19,"","7","94","11","1","1","","","3","2","2","10","","1","31","33","6","83","13","1","1","","37","1","","9","","1","34","4","4","29","7","8","1","3","24","19","2","41","5","","146","23","2","3","132","507","276","13","","","","2","1","1634","35812",NA
2020-04-20,"","3","42","27","","3","","7","","1","1","18","","4","59","7","8","77","9","1","3","5","38","3","","10","","3","49","52","6","32","10","7","4","4","18","23","6","204","9","5","103","30","1","1","175","478","92","5","","","","","","1643","37455",NA
2020-04-21,"","21","60","37","2","3","2","7","5","3","4","30","4","4","119","61","7","232","17","12","","5","48","21","1","12","31","","44","66","17","77","14","34","11","5","22","21","","92","7","10","152","68","1","","376","481","360","16","2","","","","","2624","40079",NA
2020-04-22,"","21","86","22","","3","2","6","9","","2","10","","7","97","31","3","113","19","19","1","4","53","6","1","4","34","2","60","37","14","68","10","29","5","9","26","26","3","121","15","7","221","47","3","6","310","474","58","10","","","","5","","2119","42198",NA
2020-04-23,"","20","115","44","","","","7","23","5","1","19","1","6","123","45","1","164","21","10","1","5","46","9","","11","19","1","60","36","6","67","8","11","10","2","18","23","2","95","12","3","178","49","5","3","305","438","-201","8","3","","","2","","1840","44038",NA
2020-04-24,"","17","93","120","1","","","6","8","3","4","12","","11","107","35","","108","21","44","","3","34","9","1","5","12","2","59","20","9","61","8","16","7","","32","37","1","125","14","8","196","43","3","2","249","422","71","13","1","","","","","2053","46091",NA
2020-04-25,"","7","89","","1","2","","9","3","1","2","15","","5","79","44","6","189","23","11","1","3","21","6","","4","4","1","9","12","5","43","12","20","9","10","30","25","1","98","12","12","174","74","3","7","246","437","45","13","2","","","","","1825","47916",NA
2020-04-26,"","2","59","8","","","","6","","4","","11","","6","59","28","1","41","28","1","1","3","17","1","1","6","6","2","19","8","3","26","6","10","8","3","25","12","1","62","13","8","169","30","","","75","367","13","11","","","","","1","1161","49077",NA
2020-04-27,"","","45","26","2","2","","5","13","1","","16","","9","50","31","2","92","14","14","2","-1","25","2","","9","9","1","14","30","5","27","2","7","3","3","15","10","3","88","7","5","104","31","1","","106","337","47","7","1","","","15","","1237","50314",NA
2020-04-28,"","18","54","30","","2","1","6","6","4","4","21","","9","142","57","4","160","15","26","","","46","10","","19","14","6","83","93","12","61","10","36","15","4","27","33","1","77","5","12","150","71","","","398","335","119","6","","","","2","","2204","52518",NA
2020-04-29,"","11","78","30","","","1","2","12","5","","15","","12","90","63","1","103","18","4","","","138","7","2","8","20","2","47","61","10","44","11","12","40","7","42","26","2","79","15","7","252","56","1","6","328","377","479","12","","","","","","2536","55054",NA
2020-04-30,"","16","95","11","","3","","11","6","2","1","13","","14","140","43","4","119","24","11","","13","38","8","4","8","10","2","50","11","5","60","11","24","12","4","50","30","4","89","19","8","157","62","1","6","458","306","97","15","2","","","6","","2083","57137",NA
2020-05-01,"","10","91","43","","","","8","11","1","","10","","8","102","55","1","77","28","8","4","2","27","8","4","11","17","3","46","33","8","65","20","21","12","5","34","29","3","82","7","7","154","51","2","9","310","289","62","13","1","","","2","","1794","58931",NA
2020-05-02,"","18","98","12","","1","","8","3","5","3","6","","5","102","53","1","154","24","14","1","6","19","8","","7","-1","8","50","31","","23","10","21","11","5","31","35","3","97","9","9","130","58","1","3","204","299","64","17","1","","","1","","1668","60599",NA
2020-05-03,"","14","44","10","1","","","12","5","","1","4","","9","59","17","3","29","24","1","1","2","17","","","5","2","4","15","6","5","19","12","2","8","1","20","37","","59","11","9","158","26","1","2","129","280","26","24","1","","","2","","1117","61716",NA
2020-05-04,"","","39","9","","","","5","4","","","7","","4","44","19","2","86","9","6","","1","18","","","1","2","4","20","7","8","22","7","8","8","9","17","18","","61","7","5","86","34","","","39","226","14","21","","","","","","877","62593",NA
2020-05-05,"","33","63","52","","1","","6","10","4","6","21","","19","176","62","1","44","27","19","","3","79","9","3","13","18","3","72","74","14","51","32","22","13","7","22","28","","77","6","5","122","74","4","6","334","230","554","14","","","","2","","2435","65028",NA
2020-05-06,"1","31","95","18","","1","","7","10","2","2","8","","12","136","51","7","71","30","19","6","4","90","6","5","9","33","4","68","47","8","52","32","25","9","13","42","","1","85","13","6","208","48","1","19","305","952","94","15","","","","","","2701","67729",NA
2020-05-07,"","24","92","23","","1","","3","7","6","3","21","","12","137","31","3","93","23","21","","4","46","7","2","12","6","1","61","30","11","41","22","30","11","-2","25","55","","79","8","9","132","63","","3","252","231","310","18","1","","","3","","1971","69700",NA
2020-05-08,"","67","81","16","","","","9","8","3","","14","","12","130","33","5","50","26","32","2","2","35","6","","10","26","","69","21","4","19","13","20","4","4","31","42","","77","19","11","150","52","1","7","151","217","200","11","","","","5","","1695","71395",NA
2020-05-09,"","15","93","7","","","","10","5","3","5","16","","9","108","34","5","133","24","23","2","4","25","4","3","14","15","","46","44","6","40","12","17","10","1","45","14","2","58","7","8","138","57","1","10","164","226","72","19","","","","1","","1555","72950",NA
2020-05-10,"","4","67","4","","","","9","","","1","10","","13","57","17","","25","20","10","","2","10","2","","2","3","3","6","4","","19","9","3","1","1","39","12","1","35","12","3","139","28","","2","139","207","19","4","","","","3","","945","73895",NA
2020-05-11,"","6","25","16","","3","","8","6","3","1","14","","6","53","32","1","33","13","6","1","2","16","2","","9","10","3","14","1","7","29","5","3","15","8","12","10","3","41","5","1","129","35","1","","55","162","24","8","","","","2","1","840","74735",NA
2020-05-12,"","20","77","22","","-1","","11","9","","5","17","","18","142","33","","90","23","36","2","3","79","4","5","9","32","1","44","56","10","39","22","27","9","13","33","41","1","33","8","12","33","70","","9","198","205","75","14","","","","1","1","1591","76326",NA
2020-05-13,"","32","87","53","","","","12","10","4","2","13","","17","191","38","6","40","24","18","2","4","47","","","3","14","2","48","44","5","34","8","20","7","9","25","35","1","84","14","10","174","51","1","8","194","168","137","18","","","","1","","1715","78041",NA
2020-05-14,"","30","98","29","","3","","11","8","3","","8","","12","136","26","","73","25","20","","6","51","6","4","13","18","1","48","22","2","36","15","18","9","14","58","28","3","94","8","13","167","54","3","1","244","157","275","6","","","","2","","1858","79899",NA
2020-05-15,"","27","76","59","","1","","11","6","","2","9","","18","130","42","8","38","20","14","2","6","47","1","1","11","16","","42","61","4","31","13","26","9","3","56","17","2","66","10","11","110","44","","8","192","134","124","11","","","","5","","1524","81423",NA
2020-05-16,"","28","96","42","","","","6","4","","1","8","","10","71","46","","55","17","13","","4","29","3","","8","2","","47","10","2","31","17","11","","5","33","24","","54","7","15","113","50","1","12","111","174","61","10","","","","","","1231","82654",NA
2020-05-17,"","1","57","23","","","","6","1","","2","1","1","5","48","11","","11","22","5","1","","15","","","","3","","9","3","","12","11","7","5","3","31","7","1","69","8","4","92","34","","1","107","141","15","10","1","","","1","","785","83439",NA
2020-05-18,"","6","41","9","","1","","5","","1","","1","2","4","57","14","1","24","9","11","1","2","32","","","6","1","2","24","41","12","15","7","2","6","3","11","5","2","41","9","7","65","27","1","","79","110","87","7","","","","1","","792","84231",NA
2020-05-19,"","18","32","33","","3","","6","23","2","8","29","","17","145","57","","102","17","11","1","7","63","6","2","8","4","2","55","22","20","18","26","30","8","4","22","27","1","23","8","7","76","60","2","10","151","114","119","26","","","","","","1425","85656",NA
2020-05-20,"","43","102","42","","","","7","5","4","2","6","1","13","146","38","5","43","29","15","4","6","61","5","","14","15","5","44","23","9","27","16","11","8","4","50","33","1","57","7","6","128","41","","8","161","133","143","6","","","","1","","1528","87184",NA
2020-05-21,"","16","106","11","","","","11","3","1","2","7","1","19","82","48","","69","32","30","2","5","55","5","2","6","20","3","48","67","10","21","10","14","9","4","21","24","1","53","5","7","82","41","","9","96","107","102","18","","","","1","","1286","88470",NA
2020-05-22,"","12","88","14","","2","","8","6","2","1","6","","25","108","27","7","29","33","10","1","4","36","3","2","9","5","3","46","29","5","39","16","12","3","2","40","36","1","55","6","5","80","47","2","5","142","112","115","23","","","","","","1262","89732",NA
2020-05-23,"","24","78","3","","","","6","1","","4","5","","15","75","21","","65","10","5","","","84","4","","11","8","2","43","28","","15","20","9","6","14","26","23","1","38","9","2","76","38","2","4","96","87","112","18","","","","1","","1089","90821",NA
2020-05-24,"","1","66","5","","","","9","6","1","","6","","7","66","12","","5","17","5","1","3","13","","","3","10","1","4","13","","7","9","7","10","7","13","12","","18","5","2","68","32","1","1","52","109","28","11","","","","","","646","91467",NA
2020-05-25,"","6","21","1","","","","3","2","","1","9","","5","28","8","3","12","12","4","1","","18","2","","4","11","1","15","3","","18","10","10","5","2","8","23","","49","8","6","44","25","","1","11","97","15","","","","","2","","504","91971",NA
2020-05-26,"","1","19","19","","2","1","5","","","","8","1","19","39","18","","26","18","1","","3","15","5","","3","13","2","7","44","3","11","17","12","6","5","9","17","1","27","","3","57","30","1","4","47","76","13","26","","","","","","634","92605",NA
2020-05-27,"","24","70","40","","1","","4","","","7","17","1","15","160","21","17","68","33","10","2","10","42","4","4","22","6","1","60","36","6","21","18","28","20","10","26","27","1","34","5","9","74","53","2","9","148","79","113","21","","","","","","1379","93984",NA
2020-05-28,"","26","89","29","","","","6","14","3","1","11","1","16","103","36","","38","35","11","1","1","54","4","","11","10","5","45","55","9","18","23","33","4","3","39","34","","23","8","1","93","37","3","9","62","79","108","22","1","","","2","","1216","95200",NA
2020-05-29,"","28","95","15","","","","9","5","","1","5","","18","84","39","3","34","29","31","2","6","33","3","5","18","14","7","49","12","9","26","17","32","13","4","25","22","","42","7","11","78","41","1","6","130","58","91","16","","","","1","","1175","96375",NA
2020-05-30,"","18","88","7","","","","7","2","2","5","7","1","7","60","12","","57","30","33","1","","18","5","3","20","13","1","34","29","13","19","13","18","4","4","22","11","1","44","2","5","50","42","4","4","103","68","73","18","","","","1","","979","97354",NA
2020-05-31,"","3","57","2","","","","5","4","","1","","","2","60","9","","28","14","1","1","","6","","","4","11","","4","39","","6","11","9","7","","24","5","","32","4","5","78","21","","3","64","57","18","7","","","","3","","605","97959",NA
2020-06-01,"","11","38","13","","1","","6","","1","","6","","4","22","9","9","25","10","3","","8","51","","","3","1","","9","13","8","4","5","12","6","3","6","8","","20","2","2","48","20","","","23","54","12","2","","","","","","478","98437",NA
2020-06-02,"","24","35","16","","","","5","-1","3","","5","1","21","113","46","","37","22","8","4","3","52","5","","12","14","3","70","47","3","34","28","23","1","14","20","18","2","8","2","5","50","43","5","11","49","64","100","12","","","","2","","1039","99476",NA
2020-06-03,"","40","75","20","","","","8","9","2","4","6","","9","96","10","5","17","14","3","1","6","41","2","","9","7","6","36","21","8","35","15","18","17","7","36","22","1","17","3","2","68","45","1","9","110","56","75","10","","","","2","","1004","100480",NA
2020-06-04,"","15","61","18","","","","8","","","","3","","13","115","20","","25","29","3","","-1","40","3","2","10","","9","41","24","7","13","12","21","7","13","33","16","","18","2","11","50","27","","8","90","54","75","14","","","","","","909","101389",NA
2020-06-05,"","16","63","12","","","1","4","4","2","3","11","","11","59","26","10","21","33","10","5","","16","1","1","7","21","1","53","27","9","29","9","6","13","7","21","12","4","31","4","2","35","34","3","5","79","42","69","16","","","","1","","849","102238",NA
2020-06-06,"","30","74","3","","","","5","4","2","1","4","","7","69","32","","36","22","10","1","2","15","2","","12","13","2","28","-14","3","13","8","26","7","9","31","7","2","17","4","2","55","36","","5","57","37","45","","","","","1","","725","102963",NA
2020-06-07,"","2","67","","","","","4","1","1","","6","","6","40","11","","4","16","","","","7","1","","2","3","","12","20","","11","6","4","1","1","11","12","","16","6","8","27","9","1","3","70","47","12","","","","","","","448","103411",NA
2020-06-08,"","3","27","16","","","","4","4","","3","2","","5","20","14","4","17","11","10","","","27","","","-1","26","1","12","28","2","6","20","10","11","3","6","4","","13","2","","38","28","","","38","40","10","27","","","","","","491","103902",NA
2020-06-09,"1","23","44","10","","2","","4","2","5","3","15","","16","94","23","","25","20","21","","3","17","5","3","15","11","6","53","77","5","13","10","23","11","14","17","18","","13","4","12","38","33","1","8","89","49","61","9","","","","","","926","104828",NA
2020-06-10,"","25","79","20","","","","6","4","","1","14","1","4","77","15","4","13","19","8","1","4","36","2","1","10","14","4","36","44","7","11","21","24","7","1","32","17","1","23","4","3","45","33","","7","74","56","48","4","","","","1","","861","105689",NA
2020-06-11,"","32","105","10","","1","","10","10","2","3","4","","10","90","25","","26","13","12","1","17","33","2","4","11","11","6","47","46","9","19","","11","13","5","35","5","","26","3","1","37","31","","7","66","38","51","11","","","","-87","","812","106501",NA
2020-06-12,"1","17","62","12","","1","","6","4","2","8","10","","4","75","16","3","8","25","12","","4","18","2","1","7","14","5","29","43","4","9","13","28","5","27","19","13","1","13","4","","45","23","","7","46","53","49","10","","","","","","758","107259",NA
2020-06-13,"","39","46","3","","","","5","1","1","","9","","7","29","17","","22","9","7","","","46","","1","2","4","1","48","28","2","8","8","12","6","4","18","9","2","27","5","-20","38","26","","3","100","32","49","","","","","","","654","107913",NA
2020-06-14,"","3","74","1","","","1","4","1","2","","4","","1","19","9","","3","15","","","","3","","","1","","2","6","5","","10","2","5","1","3","19","3","","15","4","3","47","12","","2","36","24","4","","","","","1","","345","108258",NA
2020-06-15,"","8","26","6","","1","","5","1","4","4","4","","3","18","11","2","2","6","1","","4","16","","","2","1","3","7","43","6","5","4","9","2","8","7","6","","3","","1","23","6","1","","51","28","28","18","","","","","","384","108642",NA
2020-06-16,"","25","32","12","","","","7","2","2","2","10","","10","72","14","","18","9","2","","11","24","4","2","9","10","6","55","35","7","24","20","36","5","10","46","21","","6","5","1","18","34","","6","51","29","33","14","","","","","","739","109381",NA
2020-06-17,"","20","87","14","","","1","5","6","1","4","-5","","8","87","24","2","2","12","27","","3","14","1","1","9","5","9","25","46","6","20","23","14","10","4","33","13","","9","3","2","60","15","1","4","42","21","43","11","","","","","","742","110123",NA
2020-06-18,"","32","82","7","","1","","4","2","4","3","19","","5","52","15","","26","19","37","1","6","22","2","","7","17","11","43","30","2","","","7","4","12","43","4","","7","4","5","23","20","","1","31","32","42","9","1","","","","","694","110817",NA
2020-06-19,"","41","70","5","","","","8","3","1","3","10","2","3","43","23","7","5","17","2","1","4","34","1","3","11","11","6","43","31","1","22","","22","18","6","35","17","","12","3","2","28","15","","6","35","25","38","9","","","","","","682","111499",NA
2020-06-20,"","26","64","4","","","","2","8","1","","10","","2","45","19","","20","11","7","","","30","1","","14","16","10","40","6","2","20","","15","5","9","25","5","","13","1","1","28","22","","2","22","24","20","","","","","","","550","112049",NA
2020-06-21,"","1","71","","","","","3","1","1","3","5","","3","22","4","","3","8","1","1","","3","1","","","1","1","17","1","2","1","","8","9","2","17","4","1","9","2","1","30","14","","","13","15","4","","","","","","","283","112332",NA
2020-06-22,"","3","20","4","","","1","","2","2","","6","","1","24","13","5","7","4","5","","5","4","","","1","2","2","12","5","-1","11","40","3","6","5","10","9","","3","2","","17","8","","","25","14","3","9","","","","","","292","112624",NA
2020-06-23,"","42","65","14","","","","7","3","","5","8","","2","36","14","","11","9","5","1","7","31","2","2","5","23","10","65","39","11","17","11","28","14","11","28","25","3","14","2","36","16","18","","4","54","27","38","3","","","","","","766","113390",NA
2020-06-24,"","79","52","2","","1","","4","2","3","","9","","3","63","9","2","4","4","9","","1","20","1","1","7","25","3","43","11","1","18","22","20","10","14","29","17","","10","4","1","42","15","1","4","46","16","54","6","","","","","","688","114078",NA
2020-06-25,"","27","101","2","","","","5","1","2","1","7","","3","40","8","","19","9","7","","3","17","3","3","9","1","","46","47","8","12","5","19","8","11","47","13","","11","2","2","24","23","","10","23","18","39","8","","","","","","644","114722",NA
2020-06-26,"2","45","79","4","","","1","4","3","4","2","4","","8","37","9","3","1","5","8","","6","16","2","1","","7","9","39","25","8","26","6","13","1","10","28","24","","9","3","","39","14","","8","42","14","22","7","","","","","","598","115320",NA
2020-06-27,"","44","60","1","1","1","","2","2","1","1","6","","2","26","21","","19","6","6","","1","16","7","3","11","11","10","24","6","1","","13","15","15","7","42","24","1","4","2","","26","15","1","2","34","16","","","","","","1","","507","115827",NA
2020-06-28,"","9","33","2","","","","1","","","","","","1","15","3","","4","8","1","1","","3","1","","","","5","29","2","4","9","4","4","5","","27","8","","5","2","","19","12","","","27","5","","","","","","1","","250","116077",NA
2020-06-29,"","","31","6","","","","1","4","2","1","10","","3","14","5","6","4","10","1","","2","11","","","","7","1","28","6","2","5","20","3","5","8","10","7","","4","1","","35","6","1","","17","7","35","19","","","","","","338","116415",NA
2020-06-30,"","44","44","8","","1","","4","3","3","4","12","","6","21","16","","32","6","17","","5","45","2","","7","21","5","58","21","4","22","14","18","18","12","21","23","","2","","2","-21","14","","4","43","13","35","4","","","","","","613","117028",NA
2020-07-01,"","88","110","7","","","","3","4","1","1","7","","3","28","8","2","4","4","2","1","2","13","2","2","2","21","7","45","22","7","17","9","30","24","5","57","23","","2","2","","28","15","","2","43","11","","6","","","","","","670","117698",NA
2020-07-02,"","37","73","4","","","","3","14","1","3","3","","2","36","13","","15","13","5","","6","27","6","4","7","14","2","67","22","9","17","10","18","18","11","44","31","","2","1","2","16","9","","2","27","11","63","3","","","","","","671","118369",NA
2020-07-03,"1","31","100","","1","1","1","8","3","","5","10","","1","18","19","5","3","8","4","","2","","3","","3","22","2","67","7","4","23","11","1","10","13","50","29","","9","1","2","17","13","","1","57","8","34","1","","","","1","","610","118979",NA
2020-07-04,"1","17","50","","","","","2","2","4","","2","","1","9","6","","3","","1","","","4","","","","1","5","18","1","","","4","3","19","4","33","4","1","","2","","23","12","2","","25","11","3","","","","","","","273","119252",NA
2020-07-05,"","4","18","","","","","","4","2","3","5","","","6","6","","","5","1","","","4","","","","","1","29","3","","10","4","1","7","9","29","1","","","2","","10","7","2","5","22","8","4","","","","","","","212","119464",NA
2020-07-06,"","1","6","-10","","1","","2","3","","6","11","","2","6","5","3","3","3","","","-1","16","1","","","","5","47","18","8","8","3","2","6","7","18","1","1","3","2","","15","3","","1","18","9","1","","","","","","","234","119698",NA
2020-07-07,"1","117","111","5","","","","4","11","5","4","14","","2","37","19","","30","3","14","4","-1","43","5","1","9","23","9","63","21","9","23","44","22","19","12","60","28","","","","2","15","19","1","2","52","11","33","9","","","","2","","917","120615",NA
2020-07-08,"","36","114","8","","4","","8","5","4","7","10","1","7","36","15","2","10","8","4","1","","21","3","","2","25","4","48","23","6","20","30","21","38","20","98","24","","5","3","1","30","9","","2","51","20","25","2","","","","2","","813","121428",NA
2020-07-09,"","75","149","2","","2","2","6","18","6","4","15","","7","20","7","","9","5","5","","2","15","3","3","2","10","4","120","8","4","16","16","20","22","25","105","33","","5","4","2","25","11","1","1","25","15","36","3","","","","","","868","122296",NA
2020-07-10,"","44","140","18","","1","3","6","8","2","2","15","","3","25","9","2","15","5","13","","2","26","6","6","5","35","4","93","35","8","25","11","18","24","13","95","21","","","","","28","12","","3","31","9","32","2","","","","","","855","123151",NA
2020-07-11,"","69","94","1","","1","1","4","13","","5","","","6","24","8","","28","4","5","2","-1","4","5","2","7","9","6","95","31","2","23","15","20","18","15","99","4","","","","","14","7","1","1","46","6","17","","","","","7","","718","123869",NA
2020-07-12,"","86","72","","","","","2","1","2","3","14","","1","19","4","","1","3","","","","22","1","","-1","7","2","45","5","3","13","19","4","10","3","80","2","1","","","-1","15","9","2","","16","5","7","","","","","","","477","124346",NA
2020-07-13,"","8","23","2","3","","3","3","","3","1","-39","","3","6","2","4","7","2","14","","3","6","2","","","3","2","35","25","4","7","1","7","11","8","43","2","","23","","","5","6","","","19","10","7","8","","","","","","282","124628",NA
2020-07-14,"","92","47","11","","1","2","3","19","7","10","5","1","3","25","13","","6","6","10","1","-2","5","4","","6","40","8","132","28","6","22","23","42","23","18","87","9","1","1","","1","10","8","","1","22","5","20","1","","","","2","","785","125413",NA
2020-07-15,"","97","140","6","","7","","6","6","3","7","17","","5","8","10","11","4","8","10","","5","6","4","2","1","47","4","112","37","10","14","17","16","","16","110","12","","8","3","3","27","7","","2","25","9","27","2","","","","2","","873","126286",NA
2020-07-16,"","58","118","1","","4","1","5","8","2","1","6","2","17","25","10","","16","8","10","1","8","28","6","4","4","17","6","156","13","5","24","18","20","69","13","129","21","2","9","3","","11","6","","1","31","11","15","1","","","","","","924","127210",NA
2020-07-17,"","91","130","6","1","4","2","3","11","5","1","7","","5","21","8","","7","7","8","1","2","9","7","1","2","32","12","128","28","7","24","24","18","25","19","174","6","1","7","3","","21","12","1","","19","10","19","2","","","","5","","936","128146",NA
2020-07-18,"1","147","120","1","1","1","","4","9","3","8","10","","3","18","17","","9","5","9","","","20","6","","10","21","4","90","36","9","","14","23","39","23","130","12","","","1","2","17","11","2","1","15","11","15","","","","","1","","879","129025",NA
2020-07-19,"","31","90","","","","","2","1","3","","3","","7","5","2","","2","3","-1","2","","42","","2","1","1","","87","5","4","34","9","5","21","5","93","2","","","","","12","9","","2","7","13","8","","","","","","","512","129537",NA
2020-07-20,"","23","9","6","","3","2","7","1","2","4","6","","1","6","3","8","7","4","3","1","12","15","1","","2","3","6","90","3","1","29","3","8","9","4","62","4","","10","1","","1","5","","","9","8","3","5","","","","","","390","129927",NA
2020-07-21,"","134","61","5","","4","1","10","28","7","4","12","1","8","23","20","","9","3","11","1","-3","30","9","","13","11","11","134","78","3","36","31","26","56","24","131","18","1","","1","2","17","20","1","2","22","2","20","1","","","","","","1039","130966",NA
2020-07-22,"1","56","115","8","1","9","2","3","28","2","9","3","","7","23","14","1","6","4","16","2","1","16","13","1","6","57","6","139","81","3","60","34","30","39","17","197","3","","","","2","18","4","","2","24","10","25","1","","","","3","1","1103","132069",NA
2020-07-23,"","89","157","15","1","3","1","5","5","2","7","14","","8","20","17","","7","9","20","1","5","21","3","2","13","32","6","173","25","7","16","13","28","52","37","173","3","2","4","1","2","16","5","","3","23","13","16","4","","","","3","","1082","133151",NA
2020-07-24,"","79","159","4","","6","3","5","13","9","6","13","","4","18","4","18","3","5","-1","2","","41","7","1","","38","8","135","82","7","29","27","20","45","13","196","13","","3","","37","14","12","","2","35","9","22","1","","","","3","","1150","134301",NA
2020-07-25,"1","144","151","4","","2","","6","10","4","1","-1","","6","12","11","","-2","5","4","","","","12","","13","18","5","124","53","5","","17","32","73","26","168","8","","","","1","12","11","1","2","11","13","13","","","","","9","","985","135286",NA
2020-07-26,"","19","79","","","","","7","2","3","","7","","","1","8","","","3","15","","","10","","1","1","15","2","77","3","4","48","15","7","24","3","153","3","","","","","19","5","","","11","3","4","","","","","","","552","135838",NA
2020-07-27,"1","-1","29","5","","6","1","5","5","","7","17","","7","18","3","9","5","2","4","","1","37","","","1","18","7","77","11","9","23","6","5","16","11","675","3","3","5","1","","7","6","","","17","11","4","2","","","","","","1079","136917",NA
2020-07-28,"1","104","73","8","","8","4","7","20","14","5","30","1","6","30","16","","16","4","12","1","4","38","13","","13","","20","186","54","10","26","42","30","53","21","164","13","2","5","1","1","14","12","2","","21","9","24","1","","","","5","","1144","138061",NA
2020-07-29,"","46","197","15","","13","3","6","21","8","6","7","","6","16","8","14","2","9","7","2","3","40","14","6","5","43","6","216","79","5","69","20","45","46","21","313","29","3","2","1","1","29","20","","2","18","6","16","2","","","","2","1","1449","139510",NA
2020-07-30,"1","172","194","","","4","1","3","21","5","8","9","","10","16","13","","19","5","13","1","4","20","13","","8","27","8","253","29","7","42","48","38","49","13","84","15","1","6","","","15","10","1","4","11","13","14","","","","","3","","1231","140741",NA
2020-07-31,"","68","96","16","","12","5","7","29","6","4","","","11","17","19","9","8","6","10","","4","47","5","1","15","15","11","257","81","4","24","52","21","47","27","295","32","4","1","1","4","14","5","1","","10","5","13","","","","","4","","1323","142064",NA
2020-08-01,"1","53","219","6","","8","1","9","2","3","6","28","","6","8","6","","7","6","10","","","26","8","4","13","22","7","179","73","5","","30","40","36","7","268","38","","","","","17","12","","1","11","14","15","","","","","2","","1207","143271",NA
2020-08-02,"","18","132","","","","","3","","1","1","4","","2","14","4","","","8","","2","","14","1","1","1","23","4","62","15","2","58","10","5","26","6","","3","1","","1","","11","7","","1","6","6","5","","","","","4","","462","143733",NA
2020-08-03,"1","14","32","","","3","3","1","15","2","3","4","1","7","9","5","7","6","2","2","","-4","10","1","","1","4","11","73","2","2","17","8","13","12","19","179","","","5","","","10","8","1","","10","2","","3","1","","","","","505","144238",NA
2020-08-04,"","66","113","5","1","10","","3","15","5","7","19","","5","19","14","","8","4","11","2","4","31","15","1","12","31","15","245","79","7","27","42","28","53","25","245","26","7","","1","2","9","7","-1","1","11","3","23","1","","","","8","","1265","145503",NA
2020-08-05,"","87","202","2","","7","1","9","28","5","6","5","","11","28","11","3","1","9","7","1","8","26","17","1","9","28","18","225","63","1","41","51","40","45","27","236","30","","","","","2","6","1","","7","4","12","1","","","","6","","1328","146831",NA
2020-08-06,"","70","166","1","2","6","","2","10","1","3","29","","10","21","6","","26","7","7","1","","22","10","4","8","15","7","120","42","8","50","21","42","44","42","306","27","","","","","32","13","","1","7","6","38","2","1","","","11","1","1248","148079",NA
2020-08-07,"","79","142","5","2","6","5","6","20","9","5","19","1","5","19","10","12","","4","21","1","5","34","7","3","12","20","6","180","91","4","61","23","42","20","20","293","17","3","4","2","1","18","14","","","11","5","15","","","","","5","","1287","149366",NA
2020-08-08,"1","56","178","","","6","5","6","29","7","","16","","13","18","13","","3","8","","2","","16","3","2","6","20","14","182","69","7","","26","26","48","9","247","3","4","","1","2","12","11","1","","9","5","16","","","","","9","","1109","150475",NA
2020-08-09,"","13","104","1","","2","","4","8","1","1","","","5","5","1","","-1","9","6","","","1","","","2","13","9","77","13","1","56","22","8","18","8","116","3","8","","1","1","14","8","","","5","7","1","","","","","3","","554","151029",NA
2020-08-10,"","4","66","5","3","2","","5","6","1","9","9","","1","1","3","7","8","3","","1","3","4","2","","","26","11","91","30","2","24","16","4","17","10","31","1","2","3","","","5","6","","","4","2","3","1","","","","","","432","151461",NA
2020-08-11,"","45","109","12","","7","2","3","18","11","4","19","1","7","20","25","","7","6","5","5","3","35","13","","8","48","11","276","122","8","26","32","32","46","38","220","17","6","","2","","10","13","1","","12","7","35","1","","","","6","","1334","152795",NA
2020-08-12,"1","148","180","","4","","3","2","15","7","2","8","","11","15","15","8","9","12","11","2","5","26","9","1","5","33","7","212","105","7","43","45","45","45","18","324","6","6","6","","1","18","7","","1","9","7","33","2","","","","7","","1486","154281",NA
2020-08-13,"","36","160","7","2","5","1","2","34","8","2","12","","7","24","20","","16","7","2","","4","21","11","1","7","7","9","148","82","6","41","22","38","32","24","255","10","","","1","2","21","9","","2","8","10","24","1","","","","8","","1149","155430",NA
2020-08-14,"","40","188","6","","14","","6","15","2","7","19","1","9","25","8","7","11","8","10","1","1","29","6","2","7","4","5","228","35","8","28","32","26","17","13","313","7","4","3","","","14","12","","1","10","4","36","2","","","","10","","1234","156664",NA
2020-08-15,"1","69","151","8","","4","1","8","24","1","3","11","","8","5","15","","18","6","11","","","40","13","2","13","3","13","204","96","6","","37","30","50","19","238","10","2","","3","","14","4","1","","7","12","20","","","","","9","","1190","157854",NA
2020-08-16,"","14","77","","","","","3","3","2","","15","","2","18","3","","6","7","21","4","","2","4","1","1","2","-1","107","33","3","77","4","4","9","21","143","1","1","","","","11","3","","","2","6","3","","","","","4","","616","158470",NA
2020-08-17,"","","18","","","4","","4","5","","1","4","3","6","12","2","3","1","6","26","1","1","6","4","","","25","4","87","25","5","19","11","1","20","21","51","2","","3","","","4","2","","","4","6","","2","","","","1","","400","158870",NA
2020-08-18,"1","23","100","3","1","9","2","5","25","9","5","24","1","8","26","28","","15","9","9","2","6","39","17","1","13","12","16","219","67","12","28","33","48","45","39","216","10","4","","2","","6","7","","1","9","8","31","1","","","","10","","1205","160075",NA
2020-08-19,"","105","181","1","1","9","","6","32","11","8","13","","16","24","14","6","9","17","12","2","3","36","17","1","8","9","12","174","55","11","37","35","35","18","26","309","15","2","1","1","2","28","11","","3","11","6","24","3","","","","9","","1369","161444",NA
2020-08-20,"","50","163","3","3","7","5","5","38","4","4","15","","8","27","11","","19","7","3","","2","22","10","2","7","29","10","117","55","14","28","27","34","41","36","234","17","","1","1","","12","9","1","1","6","5","15","1","","1","","11","1","1122","162566",NA
2020-08-21,"1","4","135","7","1","6","","5","13","2","2","13","3","6","24","13","8","10","8","2","2","3","26","6","2","1","16","22","119","94","8","50","24","29","50","61","258","9","4","2","1","5","13","5","1","","9","3","20","2","","1","","4","","1113","163679",NA
2020-08-22,"1","68","167","8","1","2","1","4","12","3","2","7","","12","17","9","","11","8","6","3","","20","10","1","13","21","11","106","94","8","","23","27","33","14","215","5","6","","2","","20","10","1","1","2","4","18","","","","","6","","1013","164692",NA
2020-08-23,"1","15","146","","","1","","2","","","","6","","4","6","2","","4","6","1","1","2","3","1","1","","2","13","51","40","9","59","3","10","8","4","104","24","1","","","","","6","1","","3","6","2","","","","","5","1","554","165246",NA
2020-08-24,"","","18","1","2","7","1","2","3","3","5","4","","6","8","5","7","4","4","","1","5","8","4","","","6","9","72","24","4","18","8","4","7","21","25","4","2","","","1","27","2","","","3","7","1","5","","","","","","348","165594",NA
2020-08-25,"4","21","105","7","","12","6","3","30","7","7","9","","9","29","15","","20","8","14","1","","10","14","","13","9","15","183","106","10","33","67","35","21","40","181","18","8","3","","-1","12","10","","","4","2","26","4","","","","5","1","1136","166730",NA
2020-08-26,"1","104","150","2","2","11","1","5","20","6","4","4","","17","37","18","11","7","14","9","","3","48","19","1","6","6","21","153","49","7","32","58","36","43","20","229","12","3","","1","2","26","10","1","1","10","8","19","2","","2","","7","2","1260","167990",NA
2020-08-27,"","33","143","3","4","6","","9","21","5","2","10","","14","23","6","","16","13","1","1","5","32","15","","11","25","7","135","82","8","23","26","24","43","25","265","12","8","2","","","20","6","","1","7","4","11","3","","1","","7","","1118","169108",NA
2020-08-28,"","49","140","6","4","10","2","3","16","9","4","15","","12","20","11","6","6","4","14","","1","29","8","3","2","27","17","89","78","6","30","14","22","27","28","196","23","4","","","","16","13","","1","9","3","20","2","","","","10","","1009","170117",NA
2020-08-29,"","29","144","7","3","5","4","2","15","7","","","","15","11","8","","21","4","32","2","","21","11","2","6","42","16","148","105","3","","14","31","42","24","154","18","10","","","","12","10","","","3","7","16","","","","","3","","1007","171124",NA
2020-08-30,"","23","71","","1","1","","1","","4","","","","5","11","6","","6","2","12","1","","2","2","","3","8","12","14","28","8","27","14","9","11","22","90","1","1","","1","","13","6","","","4","8","2","","","","","4","","434","171558",NA
2020-08-31,"","-1","28","1","7","2","","9","3","1","","10","","3","7","5","3","7","1","22","1","5","10","1","","","16","13","68","28","3","19","32","10","14","7","26","11","1","","1","","11","3","","","8","1","","2","","","","","","399","171957",NA
2020-09-01,"2","15","85","1","4","7","1","8","8","6","2","16","4","6","38","16","","15","6","8","2","2","27","9","","8","19","17","187","101","15","34","20","39","38","27","145","32","8","1","","","4","5","","","5","3","18","2","","3","","1","1","1021","172978",NA
2020-09-02,"","21","145","6","1","4","4","3","23","3","1","4","","4","27","13","12","14","7","4","3","","11","12","2","12","12","27","127","62","18","20","33","38","26","16","189","29","8","1","1","1","22","6","1","","11","5","21","1","","","","5","","1016","173994",NA
2020-09-03,"1","65","164","3","4","","2","1","27","2","4","10","","8","24","4","","10","7","3","2","5","50","14","","4","6","20","149","73","10","17","10","24","15","18","221","11","7","1","1","","17","11","","","7","7","20","4","","","","3","","1066","175060",NA
2020-09-04,"","41","163","11","2","10","3","3","12","5","5","8","1","7","28","17","23","7","10","17","","","22","11","1","7","24","12","100","63","11","14","22","36","39","22","140","10","6","","2","","22","11","1","","7","5","10","","","1","","6","1","979","176039",NA
2020-09-05,"2","36","153","5","3","2","2","6","13","5","1","","","19","23","11","","8","4","77","5","","8","4","3","15","7","9","61","46","6","","11","50","32","25","177","15","","","","2","15","7","","","7","2","18","","","1","","7","","903","176942",NA
2020-09-06,"","14","66","1","1","1","1","3","1","1","2","","","5","5","2","","","6","19","1","","3","3","","","1","12","38","60","3","58","15","1","10","3","64","1","3","","","1","10","3","","1","4","9","","","","1","","8","1","442","177384",NA
2020-09-07,"","-2","17","1","1","","1","4","4","1","1","","","3","8","4","4","4","3","1","","","17","","","","","14","22","7","","12","1","7","19","4","20","6","1","","","","8","5","","","2","2","20","","","2","","","","224","177608",NA
2020-09-08,"","2","32","","2","4","1","","","4","1","","","8","7","12","","1","2","2","","2","22","1","","","1","9","44","26","1","13","","12","5","27","61","2","3","6","","","8","3","","","5","6","11","4","","1","","2","1","354","177962",NA
2020-09-09,"","30","83","4","3","17","3","6","19","8","3","25","","15","28","17","10","13","7","12","1","15","26","9","","15","8","11","200","58","16","15","38","49","28","35","139","11","4","","4","","4","9","","","7","3","14","3","","1","","18","","1044","179006",NA
2020-09-10,"","22","137","2","3","1","1","3","17","3","3","7","","16","28","13","","17","15","18","3","9","30","13","4","10","15","12","211","76","22","21","33","32","23","57","161","11","3","4","1","4","20","7","","1","5","7","15","5","","1","","12","","1134","180140",NA
2020-09-11,"1","15","111","6","2","5","8","2","10","2","1","6","","4","31","10","16","9","13","10","4","4","49","12","","4","28","13","176","42","9","41","14","33","54","37","144","3","6","2","","","14","6","","","9","5","17","4","","2","","10","","1004","181144",NA
2020-09-12,"1","27","162","3","1","3","2","3","10","6","2","","","6","22","17","","13","9","3","3","","8","11","6","12","13","16","98","41","13","","15","24","14","39","146","11","2","","","","16","8","1","1","4","2","","","","2","","11","1","808","181952",NA
2020-09-13,"","7","78","","2","","2","2","3","4","","","","1","14","1","","","13","1","1","","4","6","1","1","1","12","8","46","3","33","12","5","24","14","47","2","1","","","2","14","2","1","1","4","6","","","","1","","3","","383","182335",NA
2020-09-14,"","","56","2","","4","3","","4","2","3","15","4","5","5","1","23","10","3","9","2","","4","","","","3","11","34","20","5","17","9","8","7","19","21","16","9","5","","2","9","1","","","3","4","32","4","","","","3","","397","182732",NA
2020-09-15,"","22","66","6","1","4","2","7","26","8","","9","","11","18","20","","11","5","18","2","1","87","7","","10","32","18","145","45","9","26","28","51","21","30","132","84","5","","","1","6","10","1","2","9","11","6","3","","2","","9","","1027","183759",NA
2020-09-16,"","27","164","6","3","6","1","2","12","2","1","5","","1","35","12","52","11","6","7","5","1","49","12","8","8","4","","152","21","8","18","22","38","25","24","135","20","10","2","1","1","20","6","1","","9","5","28","3","","","","18","","1007","184766",NA
2020-09-17,"","38","106","4","4","5","2","4","12","","","11","3","15","25","6","","9","9","18","5","3","25","6","1","3","7","8","147","55","11","17","24","31","24","13","112","23","4","1","2","","15","5","","","3","3","10","4","","2","","17","","852","185618",NA
2020-09-18,"1","42","91","3","13","4","3","5","18","","","6","","9","19","17","10","6","8","23","2","3","28","9","5","7","20","7","139","63","8","29","12","27","18","32","123","21","3","4","","","8","7","","","4","10","21","3","","1","","10","","902","186520",NA
2020-09-19,"","16","100","4","","3","10","6","4","4","3","","","5","25","8","","15","13","13","8","","4","4","2","3","6","8","62","62","7","","17","28","7","20","135","32","11","","","1","26","8","1","","3","2","22","","","3","","5","","716","187236",NA
2020-09-20,"","9","75","1","","2","1","2","3","1","","","","1","14","3","","","2","2","","","3","3","2","1","","","9","3","3","26","1","8","11","2","45","24","2","","1","","15","3","","","3","2","25","","","","","3","","311","187547",NA
2020-09-21,"","2","31","4","","4","3","2","","3","1","18","","6","7","6","4","12","4","12","1","10","8","2","","2","2","15","21","2","1","9","","4","12","15","24","5","2","3","1","2","7","4","1","","2","1","23","9","","1","","1","","309","187856",NA
2020-09-22,"","20","53","7","","4","3","3","15","3","2","15","","14","29","8","","15","10","57","3","9","12","14","","7","12","12","99","73","7","11","36","39","27","28","77","37","5","1","","1","11","9","","","7","4","19","2","","2","","4","","826","188682",NA
2020-09-23,"","27","133","5","2","3","2","3","10","6","1","11","1","9","22","10","21","12","6","83","7","1","52","8","","8","31","20","202","96","5","7","24","30","18","14","135","29","2","1","","1","17","8","","","6","5","39","3","","","","4","","1140","189822",NA
2020-09-24,"1","34","110","3","2","3","","2","8","1","","-1","","7","30","17","","8","3","5","8","","28","11","8","6","14","17","177","49","13","16","4","40","12","35","138","25","6","2","","1","15","9","","","9","2","17","4","","1","","9","","909","190731",NA
2020-09-25,"5","28","84","4","3","1","5","6","9","3","4","20","","5","25","18","11","8","6","42","8","6","19","12","6","9","8","19","120","52","12","21","20","53","17","42","97","23","5","2","2","1","10","7","","","6","7","2","1","","1","","8","","883","191614",NA
2020-09-26,"1","35","134","3","4","2","1","5","9","4","","","","5","25","11","","15","10","69","8","1","6","11","2","7","7","21","107","40","4","","17","31","27","22","121","7","2","","1","2","18","8","","1","6","4","22","","","3","","7","","846","192460",NA
2020-09-27,"4","","55","1","1","","2","","3","1","5","","","3","13","3","","","4","","4","1","1","2","","","","23","10","32","3","21","8","1","3","3","37","14","2","","","","13","10","","","6","6","3","","","1","","2","","301","192761",NA
2020-09-28,"","1","21","3","","","1","3","","","","","","6","13","11","5","8","7","11","3","2","5","1","","2","","23","5","15","4","15","2","4","10","12","11","11","3","2","","1","11","3","","","-2","12","1","3","","3","","4","1","257","193018",NA
2020-09-29,"","9","32","2","2","4","3","2","8","8","4","24","","5","23","20","","20","5","12","5","6","37","11","5","17","14","21","106","33","8","10","36","49","19","31","71","14","8","2","2","1","8","9","1","","10","2","16","3","","1","","6","","745","193763",NA
2020-09-30,"","18","152","5","2","5","3","2","7","4","2","2","","19","35","20","41","11","16","32","8","","21","13","","27","21","19","174","27","4","13","12","38","13","34","107","19","5","3","1","1","32","3","","","9","9","19","1","","2","","6","","1017","194780",NA
2020-10-01,"1","24","96","3","3","3","1","5","3","1","","6","3","16","24","13","","19","13","10","9","15","13","4","13","21","6","15","127","42","17","8","10","47","17","47","112","20","4","3","1","","23","","1","2","5","11","18","3","","","","3","","861","195641",NA
2020-10-02,"","19","98","3","3","2","5","5","6","3","15","11","","10","47","11","20","7","10","16","8","","88","9","1","5","4","7","110","43","5","26","20","29","8","14","72","22","1","2","1","3","10","1","","1","4","7","19","1","","","","8","","820","196461",NA
2020-10-03,"1","12","88","3","11","6","","3","11","8","2","-1","","7","31","13","","13","14","25","7","4","20","7","11","19","7","15","74","28","8","","12","21","32","45","97","20","2","","","3","17","7","","","4","8","20","","","2","","8","","745","197206",NA
2020-10-04,"","1","46","8","6","2","1","2","3","1","2","","","5","17","5","","","7","4","3","4","","1","","5","","18","43","28","4","32","2","5","12","17","33","3","1","","2","","3","1","","1","1","14","17","","","1","","2","","363","197569",NA
2020-10-05,"","1","29","1","-2","5","3","2","","","4","16","","7","14","7","8","15","3","1","3","2","6","3","","4","1","21","41","30","5","9","","3","3","20","8","3","3","4","","","20","3","","1","2","8","11","3","","2","","8","","341","197910",NA
2020-10-06,"","6","28","12","3","5","2","","6","9","6","7","","11","31","30","","22","4","26","3","4","16","11","","18","19","","55","37","4","6","14","33","17","24","78","14","3","4","","1","8","6","","2","9","9","17","4","","1","","1","","626","198536",NA
2020-10-07,"1","20","51","4","3","8","1","2","7","2","8","12","","14","42","16","17","9","14","36","24","","23","9","10","16","18","38","137","30","5","9","24","23","25","21","119","11","5","1","1","3","19","6","","2","4","9","28","1","","2","","9","","899","199435",NA
2020-10-08,"1","10","133","10","1","3","4","3","13","11","5","6","1","6","32","15","","22","6","23","6","7","13","10","14","9","30","22","164","35","11","5","23","29","11","63","104","9","1","5","2","2","8","6","","1","9","10","27","1","","","","8","","950","200385",NA
2020-10-09,"","3","67","8","2","3","9","3","8","3","4","7","","16","35","19","40","7","14","136","11","","11","6","5","16","12","26","118","54","7","26","6","25","14","27","98","13","6","3","","","12","10","1","1","3","6","9","3","","1","","5","","919","201304",NA
2020-10-10,"","13","72","9","2","1","3","5","2","2","5","","","19","30","21","","15","10","27","15","5","3","4","9","18","12","20","","45","7","","16","18","21","26","94","6","5","","2","2","10","5","","5","7","8","36","","","1","","7","","643","201947",NA
2020-10-11,"","","64","1","1","","1","4","2","","7","","","5","9","7","","","10","","3","","2","3","","7","","16","178","23","3","20","5","5","2","9","31","4","1","","1","1","16","4","","1","3","5","6","","","1","","3","","464","202411",NA
2020-10-12,"","","8","3","","3","2","4","3","","5","","","10","13","6","8","7","3","","6","3","6","6","2","9","1","17","48","13","3","14","","3","7","7","1","2","3","2","","2","13","5","","","1","13","18","","","","","3","","283","202694",NA
2020-10-13,"","8","9","37","4","2","5","3","10","6","","21","3","15","29","27","","30","7","","12","5","12","15","","34","","25","119","25","14","10","14","43","16","23","64","10","2","1","","3","12","9","","","7","11","16","9","","1","","3","","731","203425",NA
2020-10-14,"4","5","58","7","10","4","8","3","17","3","5","10","","11","48","14","67","13","29","-2","8","3","16","13","3","28","40","21","64","16","6","9","25","40","16","31","95","9","4","4","1","1","16","9","","2","8","7","27","8","","","","4","","848","204273",NA
2020-10-15,"1","17","118","2","1","1","5","1","7","3","2","11","","10","53","23","","32","12","22","5","5","5","11","13","17","41","10","141","22","20","12","12","18","13","36","95","8","2","3","","","23","6","1","5","6","13","21","2","","","","1","1","889","205162",NA
2020-10-16,"1","17","73","10","1","6","5","6","9","6","8","7","","17","38","22","21","14","11","17","18","12","16","11","3","21","28","20","94","64","4","20","8","36","5","7","91","12","3","2","3","1","30","4","1","2","5","10","25","3","","2","","13","","863","206025",NA
2020-10-17,"1","18","69","4","1","6","5","1","","3","3","","","4","27","31","","23","5","121","11","1","13","14","8","","2","19","87","51","12","","11","19","22","32","81","14","3","","","2","21","4","1","1","2","9","9","","","1","","3","","775","206800",NA
2020-10-18,"","3","44","","1","-1","1","5","3","","3","","","1","22","19","","","16","2","5","","","3","8","14","","19","50","31","5","23","","5","12","6","30","11","","","","1","14","","","1","7","7","26","","","2","","5","","404","207204",NA
2020-10-19,"","3","27","4","","3","","1","2","8","3","19","","8","22","23","13","21","5","8","4","6","8","2","","12","1","10","54","19","7","16","","5","10","13","8","23","","12","","1","15","4","","1","3","15","8","7","","","","2","","436","207640",NA
2020-10-20,"","7","22","2","2","4","11","7","15","5","5","24","4","18","41","48","","22","6","25","4","11","8","18","7","33","12","14","84","17","16","6","31","53","26","30","65","27","9","5","1","2","5","9","","","13","13","33","5","","1","","1","","827","208467",NA
2020-10-21,"1","17","35","12","14","11","23","8","5","2","6","4","","28","68","15","80","33","34","26","10","11","66","19","3","48","17","23","105","30","20","12","21","40","12","18","114","30","5","8","","2","22","8","","1","18","7","29","5","","1","","4","","1131","209598",NA
2020-10-22,"","5","162","4","3","7","3","3","4","11","6","3","7","17","42","41","","43","20","16","9","11","12","11","14","22","10","17","57","25","17","9","8","50","39","41","85","8","5","2","","","30","12","","1","18","15","30","4","","1","","6","","966","210564",NA
2020-10-23,"","6","73","13","3","9","4","7","2","3","4","7","","21","31","27","23","18","13","31","9","4","23","13","9","42","14","10","73","37","15","21","7","32","19","65","89","19","4","8","","8","19","8","","1","10","11","33","4","","","","6","","908","211472",NA
2020-10-24,"","4","49","7","3","10","12","5","5","4","1","","","9","63","24","","35","14","113","8","4","22","11","10","25","6","14","77","42","7","","17","30","15","24","81","35","","","","2","8","13","","2","8","13","29","","","2","","2","","865","212337",NA
2020-10-25,"","5","34","5","","1","3","2","5","","4","","","5","24","12","","","19","4","8","1","","4","9","8","","15","12","1","3","17","","13","7","31","48","1","1","","","1","24","5","","","4","12","12","","","","","6","","366","212703",NA
2020-10-26,"","1","12","3","","7","6","9","1","2","2","25","9","12","17","13","1","29","4","5","5","7","11","2","","10","","21","20","18","3","17","8","13","20","32","10","2","1","12","","4","17","3","","2","7","12","7","7","","4","","2","","435","213138",NA
2020-10-27,"2","16","43","10","3","5","2","4","7","9","4","16","","15","46","51","","28","15","28","15","18","22","22","","64","19","20","56","17","17","18","20","41","15","44","81","19","8","6","2","1","7","9","","","14","16","23","4","","","","4","","906","214044",NA
2020-10-28,"1","14","75","13","-2","14","20","11","10","7","10","16","","20","51","33","31","18","19","32","12","7","17","13","9","45","14","18","66","32","13","10","19","34","32","34","105","14","4","9","","2","36","7","","3","14","15","22","4","","1","","4","","1008","215052",NA
2020-10-29,"6","13","66","19","2","16","12","3","3","2","10","6","10","12","56","33","","41","31","29","11","9","19","20","19","51","5","18","77","47","19","18","8","38","11","22","119","20","7","5","1","1","27","11","","4","8","19","44","3","","2","","1","","1034","216086",NA
2020-10-30,"4","16","30","10","1","11","27","13","8","2","3","7","","13","36","26","22","11","16","26","13","9","16","20","12","24","17","5","72","32","15","11","18","49","8","78","115","7","8","7","1","9","23","10","","","7","12","22","6","","1","","5","","914","217000",NA
2020-10-31,"1","45","55","7","3","3","11","11","","14","3","","","10","46","46","","31","18","99","12","6","10","11","10","59","26","21","41","24","8","","6","46","33","12","90","7","6","","","4","16","10","1","1","11","3","28","","","","","","","905","217905",NA
2020-11-01,"1","2","41","3","","1","1","8","4","2","10","","","1","35","28","","","17","2","7","2","2","8","12","16","6","33","28","2","1","7","14","5","1","","53","1","","","","2","22","4","","","4","17","5","","","","","6","","414","218319",NA
2020-11-02,"1","1","5","4","","2","10","10","3","1","","12","","24","18","26","17","17","8","5","9","2","37","9","1","3","","26","45","18","6","8","","7","10","26","20","3","1","11","1","","9","3","1","","3","14","6","9","","","","7","1","460","218779",NA
2020-11-03,"","38","14","19","","15","13","9","23","9","6","22","6","21","68","49","","43","15","33","15","4","33","21","8","52","15","16","56","30","10","17","36","67","16","75","97","6","11","8","","2","12","8","","","18","15","32","2","","1","","3","1","1090","219869",NA
2020-11-04,"","39","66","22","","17","5","14","7","4","5","16","12","24","55","25","41","19","27","24","12","9","55","17","14","54","17","21","32","43","11","9","13","50","15","24","126","8","3","10","","","27","10","2","1","9","15","35","2","","3","","6","","1075","220944",NA
2020-11-05,"","28","63","20","","7","3","23","10","5","7","15","","16","97","45","","51","25","18","29","5","33","21","22","38","19","9","39","54","20","20","8","41","8","31","133","10","8","11","3","4","23","10","","2","12","24","47","8","","2","","5","","1132","222076",NA
2020-11-06,"","22","51","23","","8","12","6","21","6","17","8","","16","49","37","79","43","33","25","17","27","33","16","28","62","21","15","53","30","9","21","14","34","12","32","136","6","7","15","2","","21","11","","2","13","18","38","2","","3","","6","","1160","223236",NA
2020-11-07,"","38","73","13","1","4","26","16","5","13","9","","","12","75","42","","65","34","19","15","2","12","9","13","45","25","12","86","37","14","","14","23","8","49","111","7","15","","2","","23","6","2","1","9","18","40","","1","1","","","","1045","224281",NA
2020-11-08,"","17","24","5","1","3","11","14","1","1","1","","9","12","42","35","","","29","3","11","","11","","13","11","1","17","21","1","4","20","10","2","20","5","43","2","","","","2","20","11","","","4","19","5","","","","","10","","471","224752",NA
2020-11-09,"","","14","14","","12","1","12","1","4","2","21","","5","14","35","15","62","19","","5","7","7","6","1","17","","23","58","29","11","12","","8","2","15","26","6","28","27","1","1","13","9","","","11","26","4","9","","1","","6","","600","225352",NA
2020-11-10,"8","28","24","19","1","16","5","14","7","3","11","22","13","27","79","63","","84","23","146","30","20","23","7","3","66","25","4","69","41","13","10","37","45","17","62","94","13","16","9","2","3","21","12","4","","21","32","62","4","","1","","7","","1366","226718",NA
2020-11-11,"4","36","69","16","","19","10","14","18","5","6","","","25","145","31","34","42","52","24","12","1","76","19","27","62","68","13","52","69","12","","17","38","14","89","141","14","7","9","","2","37","16","2","3","15","21","59","6","","","","11","","1462","228180",NA
2020-11-12,"","12","38","25","","16","","18","3","4","9","25","","31","43","51","","45","36","16","11","25","35","11","","58","12","17","72","70","15","34","17","8","8","27","143","16","2","10","","5","21","12","1","3","18","29","49","7","","","","7","","1115","229295",NA
2020-11-13,"1","17","29","36","","3","5","22","13","7","14","12","","18","27","50","41","118","46","20","10","19","42","12","1","58","19","4","73","15","22","22","5","14","18","64","173","23","10","11","","2","23","12","3","3","27","24","30","4","","1","","4","","1227","230522",NA
2020-11-14,"1","43","81","21","","7","37","10","15","6","9","","17","24","166","25","","65","34","14","19","4","14","23","53","52","9","11","44","44","10","","21","36","9","25","150","13","9","","1","2","27","20","1","1","26","24","50","","","1","","7","","1281","231803",NA
2020-11-15,"","2","35","21","","","6","7","1","2","8","","","13","72","22","","","25","1","10","","8","12","23","12","2","21","29","","3","10","3","50","2","16","89","1","8","","2","","33","9","2","","18","30","38","","","1","","14","","661","232464",NA
2020-11-16,"","","10","32","","4","2","21","8","4","5","29","","6","37","26","10","55","12","12","7","18","20","10","","12","1","38","41","9","3","7","2","8","27","30","20","6","3","22","","","12","7","","1","14","26","13","16","","4","","6","","656","233120",NA
2020-11-17,"1","10","36","30","","35","21","28","27","13","9","23","11","36","96","84","","79","25","67","26","19","30","6","","92","39","19","85","25","32","14","36","38","11","72","117","24","13","12","","3","20","26","1","2","38","30","30","8","","2","","9","","1510","234630",NA
2020-11-18,"","53","61","43","1","14","18","26","3","10","8","21","","37","139","60","60","62","63","24","16","10","55","26","30","52","33","28","87","40","15","23","20","46","22","53","187","12","14","13","5","3","47","15","4","2","26","36","110","6","1","","","16","","1756","236386",NA
2020-11-19,"1","19","106","79","","23","","12","6","20","16","11","21","42","164","59","","134","68","30","10","28","63","18","31","83","50","20","79","33","27","12","18","38","18","80","230","25","11","21","2","","27","19","1","2","34","32","116","4","1","1","","11","","1956","238342",NA
2020-11-20,"","43","91","15","1","10","6","23","29","4","17","16","","27","126","63","84","53","64","30","23","43","65","15","36","78","25","20","79","22","19","34","23","43","25","74","183","11","16","23","2","3","34","25","2","1","23","35","108","6","1","2","","8","","1809","240151",NA
2020-11-21,"1","30","86","42","7","2","33","25","29","7","14","","","26","126","40","","101","48","18","16","8","","21","36","51","5","16","41","33","18","","15","26","25","9","171","23","19","","1","","19","16","1","1","34","34","112","","1","1","","18","","1406","241557",NA
2020-11-22,"1","7","33","19","2","2","3","33","6","1","6","","","33","76","48","","","40","4","6","4","41","10","42","","","20","61","3","4","30","19","29","8","55","89","","4","","","2","24","18","2","4","15","31","41","","","2","","5","","883","242440",NA
2020-11-23,"","","50","4","","17","11","17","6","6","4","36","26","14","46","27","46","65","24","2","6","25","24","15","","6","2","30","94","17","5","24","","5","5","35","32","1","5","43","2","4","18","14","1","","11","33","28","15","","","","14","","915","243355",NA
2020-11-24,"13","51","43","50","","8","16","28","24","21","11","35","","18","125","102","","145","38","189","37","16","98","15","2","104","10","17","72","4","17","33","53","35","23","73","162","31","15","10","1","5","20","32","12","1","47","51","81","16","1","1","","7","","2019","245374",NA
2020-11-25,"","9","106","46","2","21","22","23","24","20","26","14","13","47","155","63","47","73","70","26","4","28","156","16","28","63","42","19","97","46","20","25","16","64","5","92","200","19","13","45","4","3","53","38","1","1","50","41","144","10","","2","","13","","2165","247539",NA
2020-11-26,"3","44","104","51","2","","6","18","22","15","","","","41","131","63","","","","32","10","4","","","","62","33","10","","22","","","18","","","53","206","19","17","","","1","","29","","","39","67","118","","","2","","15","","1257","248796",NA
2020-11-27,"","20","54","20","3","14","-1","35","2","3","5","-1","","40","66","33","26","172","97","1","5","2","72","24","39","17","","","109","30","33","39","6","72","28","7","51","6","","35","","1","29","22","","3","17","39","21","11","3","1","","5","","1316","250112",NA
2020-11-28,"2","36","56","6","","4","12","23","24","11","24","","","8","108","66","","103","43","8","13","5","32","13","54","28","","12","79","29","8","","10","9","","15","102","11","6","","1","","40","33","1","6","23","44","41","","","","","7","","1156","251268",NA
2020-11-29,"","10","32","20","4","7","2","13","17","9","5","","","15","56","24","","","54","6","5","","21","19","1","22","5","16","58","3","9","16","27","21","7","13","48","4","11","","2","6","46","23","","3","13","58","76","","","","","10","","817","252085",NA
2020-11-30,"","5","20","34","","9","10","28","8","7","3","71","","28","85","38","31","98","14","6","7","29","30","7","3","6","1","30","97","","12","11","1","21","27","48","22","4","6","59","","2","25","16","3","","15","57","32","27","2","","","12","","1107","253192",NA
2020-12-01,"1","48","70","72","","31","17","21","22","24","19","31","15","27","125","142","","190","22","177","27","62","119","15","2","107","34","9","82","20","28","31","29","23","14","36","170","27","23","20","5","4","30","30","20","2","90","69","180","7","3","","","16","","2388","255580",NA
2020-12-02,"","52","113","84","","31","15","40","35","17","16","45","","18","236","90","119","81","70","37","12","48","123","54","47","82","46","8","97","32","35","37","15","82","35","50","207","18","20","51","5","2","46","42","4","9","55","73","194","11","2","","","21","","2662","258242",NA
2020-12-03,"8","82","113","127","2","23","9","44","48","20","11","50","27","71","191","60","","175","88","59","11","31","82","24","38","60","49","31","98","49","13","21","28","44","19","93","244","30","11","20","2","","49","48","2","7","64","66","187","9","1","","","8","","2647","260889",NA
2020-12-04,"12","64","145","18","10","18","5","33","23","30","8","25","","85","144","84","107","81","58","20","12","27","129","24","31","63","36","27","120","43","19","22","37","57","30","95","255","7","10","35","1","3","37","24","4","8","46","62","169","13","2","1","","17","","2436","263325",NA
2020-12-05,"1","40","209","19","5","","7","32","29","24","14","","","62","205","78","","193","70","59","18","8","64","14","27","77","43","32","90","47","19","","33","49","19","29","247","14","30","","2","","41","29","3","7","51","72","149","","2","","","12","","2275","265600",NA
2020-12-06,"","25","85","-1","1","3","2","11","14","6","","","","16","76","34","","","63","11","6","11","13","22","19","17","8","35","93","2","10","35","12","27","43","38","92","3","9","","2","10","48","26","","5","15","60","69","","","","","4","","1080","266680",NA
2020-12-07,"3","","59","2","","20","6","7","4","12","10","16","23","36","88","42","70","93","21","2","9","31","63","15","","19","3","48","105","36","10","22","","17","12","66","33","7","3","78","4","","30","20","","2","15","83","42","35","2","","","7","","1331","268011",NA
2020-12-08,"","23","112","14","","19","21","33","40","35","23","26","","201","144","123","","191","20","161","42","41","81","11","1","68","31","36","96","20","19","32","56","45","4","100","181","46","29","18","","9","40","50","12","","90","75","169","22","4","","","3","","2617","270628",NA
2020-12-09,"4","108","196","267","4","29","8","34","25","30","23","49","19","102","179","98","85","75","78","28","16","17","84","23","36","81","29","31","84","46","15","30","24","56","27","62","273","19","31","43","3","","89","46","7","4","84","97","220","14","1","","","10","","3043","273671",NA
2020-12-10,"5","73","220","120","2","33","10","23","50","13","21","-166","","99","195","95","","182","85","67","23","35","111","35","30","57","44","7","129","50","25","33","42","53","11","69","244","46","20","42","4","2","41","49","","14","66","94","248","14","3","2","","17","","2787","276458",NA
2020-12-11,"3","91","159","87","1","15","24","43","45","15","9","29","22","77","189","71","131","61","90","31","27","14","128","27","33","47","43","29","123","52","13","39","41","38","41","87","240","33","17","36","1","1","47","51","4","6","54","89","225","11","4","","","12","","2806","279264",NA
2020-12-12,"18","77","225","25","2","18","11","24","41","12","13","","","15","126","85","","206","65","22","22","22","51","35","33","50","12","31","71","29","15","","56","44","12","73","235","32","28","","4","8","47","36","7","10","70","88","201","","2","2","","15","","2326","281590",NA
2020-12-13,"","35","122","87","3","6","2","44","19","5","17","","","1","115","37","","","83","8","","8","15","22","16","15","","14","81","1","14","46","19","27","43","62","111","1","2","","2","1","41","17","","3","19","110","129","","","1","","6","","1410","283000",NA
2020-12-14,"","1","77","11","","19","","21","9","6","7","39","","60","103","35","37","90","16","3","5","45","59","8","","12","","23","137","13","17","24","5","32","11","79","26","3","10","81","1","","37","24","2","1","24","85","55","46","1","1","","7","","1408","284408",NA
2020-12-15,"3","64","142","116","","20","8","28","48","53","15","35","7","67","115","127","","183","19","240","13","20","103","14","2","54","18","16","79","32","14","42","48","26","4","74","205","49","34","22","4","9","55","61","6","","97","132","270","15","4","","","12","","2824","287232",NA
2020-12-16,"2","108","293","71","4","17","10","43","57","48","19","89","","17","146","124","144","83","86","45","25","10","123","42","39","74","62","53","122","52","21","30","42","98","42","53","252","32","27","40","","7","71","64","2","21","91","98","278","20","5","","","29","","3331","290563",NA
2020-12-17,"2","147","379","70","2","28","13","48","20","21","30","75","23","94","180","79","","190","79","35","9","5","117","16","1","59","41","30","101","56","50","30","26","86","40","177","266","36","32","46","5","10","44","49","9","4","77","122","224","12","","","","9","","3304","293867",NA
2020-12-18,"","142","300","33","1","16","5","31","35","21","14","-13","","","180","84","88","66","60","19","21","17","73","17","28","60","27","21","96","38","25","27","34","60","28","115","294","38","20","29","3","10","53","36","5","9","44","122","216","23","2","","","8","","2681","296548",NA
2020-12-19,"1","118","272","80","","","10","27","43","36","8","","","82","108","73","","187","55","51","6","5","64","28","21","84","77","45","72","39","26","","36","59","17","57","272","20","31","","2","3","47","54","11","12","49","130","217","","1","","","8","","2644","299192",NA
2020-12-20,"","34","161","29","1","5","1","16","30","1","7","","","56","79","53","","","70","33","","11","16","23","11","18","","21","95","2","21","47","19","40","37","54","122","5","6","","7","4","60","37","","6","21","124","99","","3","","","23","","1508","300700",NA
2020-12-21,"","1","83","10","","21","16","9","6","6","6","2","","","97","31","107","71","20","10","2","25","75","6","20","8","","43","112","16","11","64","2","16","21","65","67","3","1","95","5","9","41","23","1","","29","111","57","45","","1","","16","","1486","302186",NA
2020-12-22,"10","153","247","-9","","12","14","23","38","35","12","25","22","64","115","143","","173","24","211","5","10","130","22","","120","61","25","74","50","22","38","79","51","15","133","191","29","42","27","2","1","43","51","10","","103","141","231","8","1","1","","9","","3037","305223",NA
2020-12-23,"3","54","361","93","3","11","19","40","46","21","23","31","","15","133","62","59","70","71","97","5","40","109","43","8","69","113","29","120","51","24","64","43","69","49","111","294","30","23","33","7","","81","49","8","21","103","166","230","26","5","","","16","","3251","308474",NA
2020-12-24,"2","115","351","88","","25","2","29","45","12","8","22","","71","96","85","","","70","39","17","7","95","45","41","60","70","7","121","53","","41","23","","11","51","308","12","34","55","5","16","76","60","6","13","78","133","276","","3","","","13","","2790","311264",NA
2020-12-25,"","115","312","36","","","","35","27","7","","","","5","156","40","","","","14","","-10","","","","5","3","13","","49","","","6","","","5","200","5","19","","","3","","31","2","","51","121","139","","","","","8","","1397","312661",NA
2020-12-26,"1","15","36","6","","5","3","9","1","","8","","","","66","30","","254","53","1","4","1","20","29","16","4","5","3","140","54","60","","3","166","74","7","13","4","6","","6","4","46","21","","11","18","126","26","","1","","","","","1356","314017",NA
2020-12-27,"","3","237","18","","","5","30","8","5","2","","","1","104","35","","","36","3","2","","33","13","","9","4","14","77","4","19","18","41","23","28","69","51","13","1","","6","2","100","31","4","7","17","115","127","","6","","","9","","1330","315347",NA
2020-12-28,"","42","64","21","","23","3","34","21","6","5","11","32","","105","43","41","60","10","4","4","28","62","13","","19","15","29","96","5","7","44","28","12","18","76","49","3","9","113","3","1","48","28","3","7","21","118","76","38","2","","","9","","1509","316856","2020-12-29 02:37:51"
