"age group","county name","cases","deaths","hospitalization"
"01-04 years","Georgia","4037","1","85"
"05-09 years","Georgia","5924","1","62"
"10-17 years","Georgia","21021","5","285"
"18-29 years","Georgia","87459","56","2090"
"30-39 years","Georgia","57198","133","2793"
"40-49 years","Georgia","54419","295","3978"
"50-59 years","Georgia","50228","735","5601"
"60-69 years","Georgia","33926","1546","6291"
"70-79 years","Georgia","19761","2129","5433"
"80 & Older years","Georgia","12741","2903","4301"
"<1 years","Georgia","1243","0","73"
"Unknown years","Georgia","1648","4","54"
"01-04 years","Appling","15","0","0"
"05-09 years","Appling","33","0","0"
"10-17 years","Appling","94","0","1"
"18-29 years","Appling","214","0","4"
"30-39 years","Appling","173","1","5"
"40-49 years","Appling","167","2","12"
"50-59 years","Appling","180","6","17"
"60-69 years","Appling","141","6","27"
"70-79 years","Appling","99","11","22"
"80 & Older years","Appling","41","10","14"
"<1 years","Appling","3","0","0"
"Unknown years","Appling","1","0","0"
"01-04 years","Atkinson","3","0","1"
"05-09 years","Atkinson","11","0","1"
"10-17 years","Atkinson","23","0","0"
"18-29 years","Atkinson","105","0","7"
"30-39 years","Atkinson","84","0","6"
"40-49 years","Atkinson","86","0","11"
"50-59 years","Atkinson","85","0","14"
"60-69 years","Atkinson","49","3","13"
"70-79 years","Atkinson","25","1","5"
"80 & Older years","Atkinson","7","2","4"
"<1 years","Atkinson","2","0","0"
"01-04 years","Bacon","11","0","0"
"05-09 years","Bacon","13","0","0"
"10-17 years","Bacon","42","0","0"
"18-29 years","Bacon","161","0","1"
"30-39 years","Bacon","83","0","3"
"40-49 years","Bacon","107","1","6"
"50-59 years","Bacon","95","2","13"
"60-69 years","Bacon","56","5","11"
"70-79 years","Bacon","39","3","8"
"80 & Older years","Bacon","22","5","6"
"<1 years","Bacon","4","0","0"
"Unknown years","Bacon","1","0","0"
"01-04 years","Baker","4","0","0"
"05-09 years","Baker","4","0","0"
"10-17 years","Baker","5","0","0"
"18-29 years","Baker","16","0","0"
"30-39 years","Baker","11","0","2"
"40-49 years","Baker","8","0","1"
"50-59 years","Baker","13","0","1"
"60-69 years","Baker","14","2","6"
"70-79 years","Baker","12","2","8"
"80 & Older years","Baker","3","2","2"
"01-04 years","Baldwin","10","0","0"
"05-09 years","Baldwin","25","0","0"
"10-17 years","Baldwin","78","0","1"
"18-29 years","Baldwin","918","0","10"
"30-39 years","Baldwin","246","1","10"
"40-49 years","Baldwin","270","2","25"
"50-59 years","Baldwin","278","7","35"
"60-69 years","Baldwin","234","13","40"
"70-79 years","Baldwin","142","17","34"
"80 & Older years","Baldwin","92","24","23"
"<1 years","Baldwin","3","0","0"
"Unknown years","Baldwin","1","0","0"
"01-04 years","Banks","5","0","0"
"05-09 years","Banks","7","0","0"
"10-17 years","Banks","39","0","0"
"18-29 years","Banks","97","0","3"
"30-39 years","Banks","69","0","0"
"40-49 years","Banks","74","0","10"
"50-59 years","Banks","80","0","7"
"60-69 years","Banks","72","1","15"
"70-79 years","Banks","51","3","20"
"80 & Older years","Banks","47","4","17"
"<1 years","Banks","2","0","0"
"Unknown years","Banks","8","0","1"
"01-04 years","Barrow","27","0","0"
"05-09 years","Barrow","45","0","0"
"10-17 years","Barrow","145","0","2"
"18-29 years","Barrow","582","1","22"
"30-39 years","Barrow","440","0","22"
"40-49 years","Barrow","462","2","37"
"50-59 years","Barrow","366","1","44"
"60-69 years","Barrow","233","9","55"
"70-79 years","Barrow","150","13","42"
"80 & Older years","Barrow","95","24","38"
"<1 years","Barrow","9","0","1"
"Unknown years","Barrow","9","0","0"
"01-04 years","Bartow","29","0","1"
"05-09 years","Bartow","58","0","1"
"10-17 years","Bartow","298","0","1"
"18-29 years","Bartow","725","0","8"
"30-39 years","Bartow","570","2","24"
"40-49 years","Bartow","547","0","31"
"50-59 years","Bartow","557","6","64"
"60-69 years","Bartow","335","15","66"
"70-79 years","Bartow","231","27","70"
"80 & Older years","Bartow","159","44","60"
"<1 years","Bartow","13","0","1"
"Unknown years","Bartow","16","0","3"
"01-04 years","Ben Hill","21","0","1"
"05-09 years","Ben Hill","16","0","0"
"10-17 years","Ben Hill","53","0","0"
"18-29 years","Ben Hill","143","0","4"
"30-39 years","Ben Hill","139","2","5"
"40-49 years","Ben Hill","108","0","5"
"50-59 years","Ben Hill","136","2","17"
"60-69 years","Ben Hill","125","9","18"
"70-79 years","Ben Hill","89","13","33"
"80 & Older years","Ben Hill","31","7","8"
"<1 years","Ben Hill","2","0","0"
"Unknown years","Ben Hill","4","0","0"
"01-04 years","Berrien","9","0","0"
"05-09 years","Berrien","9","0","0"
"10-17 years","Berrien","26","0","0"
"18-29 years","Berrien","101","0","0"
"30-39 years","Berrien","79","0","0"
"40-49 years","Berrien","71","0","1"
"50-59 years","Berrien","75","0","10"
"60-69 years","Berrien","51","1","6"
"70-79 years","Berrien","34","4","2"
"80 & Older years","Berrien","29","8","6"
"<1 years","Berrien","1","0","0"
"Unknown years","Berrien","5","0","0"
"01-04 years","Bibb","80","0","2"
"05-09 years","Bibb","98","0","0"
"10-17 years","Bibb","288","0","6"
"18-29 years","Bibb","1577","1","54"
"30-39 years","Bibb","1052","4","62"
"40-49 years","Bibb","1010","8","124"
"50-59 years","Bibb","923","11","141"
"60-69 years","Bibb","762","37","215"
"70-79 years","Bibb","445","55","162"
"80 & Older years","Bibb","299","77","135"
"<1 years","Bibb","25","0","4"
"Unknown years","Bibb","7","0","0"
"01-04 years","Bleckley","2","0","0"
"05-09 years","Bleckley","4","0","0"
"10-17 years","Bleckley","38","0","0"
"18-29 years","Bleckley","138","0","3"
"30-39 years","Bleckley","53","0","1"
"40-49 years","Bleckley","64","1","1"
"50-59 years","Bleckley","66","2","3"
"60-69 years","Bleckley","41","7","9"
"70-79 years","Bleckley","47","2","9"
"80 & Older years","Bleckley","56","15","7"
"<1 years","Bleckley","1","0","0"
"Unknown years","Bleckley","1","0","0"
"01-04 years","Brantley","8","0","0"
"05-09 years","Brantley","2","0","0"
"10-17 years","Brantley","30","0","1"
"18-29 years","Brantley","79","0","1"
"30-39 years","Brantley","54","0","3"
"40-49 years","Brantley","60","0","3"
"50-59 years","Brantley","73","1","8"
"60-69 years","Brantley","56","2","7"
"70-79 years","Brantley","36","5","9"
"80 & Older years","Brantley","28","5","6"
"<1 years","Brantley","1","0","0"
"01-04 years","Brooks","13","0","0"
"05-09 years","Brooks","10","0","0"
"10-17 years","Brooks","45","0","0"
"18-29 years","Brooks","108","0","0"
"30-39 years","Brooks","81","0","2"
"40-49 years","Brooks","65","0","8"
"50-59 years","Brooks","83","2","13"
"60-69 years","Brooks","61","6","11"
"70-79 years","Brooks","48","9","15"
"80 & Older years","Brooks","36","10","6"
"<1 years","Brooks","2","0","0"
"01-04 years","Bryan","19","0","0"
"05-09 years","Bryan","25","0","0"
"10-17 years","Bryan","91","0","0"
"18-29 years","Bryan","274","0","8"
"30-39 years","Bryan","226","1","7"
"40-49 years","Bryan","218","0","10"
"50-59 years","Bryan","174","3","15"
"60-69 years","Bryan","124","3","18"
"70-79 years","Bryan","80","5","25"
"80 & Older years","Bryan","42","2","9"
"<1 years","Bryan","5","0","0"
"Unknown years","Bryan","5","0","0"
"01-04 years","Bulloch","34","0","0"
"05-09 years","Bulloch","40","0","0"
"10-17 years","Bulloch","152","0","2"
"18-29 years","Bulloch","1624","0","6"
"30-39 years","Bulloch","329","2","17"
"40-49 years","Bulloch","268","2","20"
"50-59 years","Bulloch","268","1","20"
"60-69 years","Bulloch","178","12","35"
"70-79 years","Bulloch","89","10","24"
"80 & Older years","Bulloch","59","6","19"
"<1 years","Bulloch","11","0","0"
"Unknown years","Bulloch","9","0","0"
"01-04 years","Burke","12","0","0"
"05-09 years","Burke","21","0","0"
"10-17 years","Burke","63","0","1"
"18-29 years","Burke","176","0","4"
"30-39 years","Burke","136","0","4"
"40-49 years","Burke","135","1","7"
"50-59 years","Burke","142","1","22"
"60-69 years","Burke","102","4","25"
"70-79 years","Burke","66","2","19"
"80 & Older years","Burke","21","4","9"
"<1 years","Burke","4","0","0"
"Unknown years","Burke","1","0","0"
"01-04 years","Butts","7","0","0"
"05-09 years","Butts","9","0","0"
"10-17 years","Butts","35","0","0"
"18-29 years","Butts","124","0","2"
"30-39 years","Butts","132","0","5"
"40-49 years","Butts","114","2","9"
"50-59 years","Butts","102","3","13"
"60-69 years","Butts","84","7","15"
"70-79 years","Butts","60","10","8"
"80 & Older years","Butts","68","22","3"
"<1 years","Butts","3","0","0"
"Unknown years","Butts","1","0","0"
"01-04 years","Calhoun","1","0","0"
"10-17 years","Calhoun","9","0","0"
"18-29 years","Calhoun","36","0","4"
"30-39 years","Calhoun","40","2","5"
"40-49 years","Calhoun","56","0","5"
"50-59 years","Calhoun","51","2","9"
"60-69 years","Calhoun","45","2","15"
"70-79 years","Calhoun","17","1","5"
"80 & Older years","Calhoun","9","2","5"
"<1 years","Calhoun","1","0","0"
"Unknown years","Calhoun","1","0","0"
"01-04 years","Camden","21","0","0"
"05-09 years","Camden","16","0","0"
"10-17 years","Camden","78","0","0"
"18-29 years","Camden","394","0","3"
"30-39 years","Camden","225","0","9"
"40-49 years","Camden","177","1","10"
"50-59 years","Camden","216","1","9"
"60-69 years","Camden","138","5","12"
"70-79 years","Camden","73","0","12"
"80 & Older years","Camden","50","11","15"
"<1 years","Camden","5","0","0"
"Unknown years","Camden","9","0","0"
"01-04 years","Candler","8","0","0"
"05-09 years","Candler","9","0","0"
"10-17 years","Candler","44","0","0"
"18-29 years","Candler","99","0","0"
"30-39 years","Candler","72","0","2"
"40-49 years","Candler","88","2","1"
"50-59 years","Candler","94","4","8"
"60-69 years","Candler","63","6","9"
"70-79 years","Candler","36","9","9"
"80 & Older years","Candler","18","3","7"
"<1 years","Candler","2","0","0"
"Unknown years","Candler","3","0","0"
"01-04 years","Carroll","41","0","0"
"05-09 years","Carroll","50","0","1"
"10-17 years","Carroll","230","0","2"
"18-29 years","Carroll","835","0","7"
"30-39 years","Carroll","475","3","12"
"40-49 years","Carroll","494","3","15"
"50-59 years","Carroll","476","9","36"
"60-69 years","Carroll","336","10","39"
"70-79 years","Carroll","206","25","40"
"80 & Older years","Carroll","146","25","27"
"<1 years","Carroll","13","0","0"
"Unknown years","Carroll","8","0","0"
"01-04 years","Catoosa","22","0","0"
"05-09 years","Catoosa","21","0","0"
"10-17 years","Catoosa","108","0","0"
"18-29 years","Catoosa","247","0","5"
"30-39 years","Catoosa","197","0","4"
"40-49 years","Catoosa","243","1","9"
"50-59 years","Catoosa","191","4","8"
"60-69 years","Catoosa","161","4","24"
"70-79 years","Catoosa","114","7","19"
"80 & Older years","Catoosa","60","6","15"
"<1 years","Catoosa","7","0","0"
"Unknown years","Catoosa","16","0","0"
"01-04 years","Charlton","9","0","0"
"05-09 years","Charlton","16","0","0"
"10-17 years","Charlton","25","0","0"
"18-29 years","Charlton","122","0","1"
"30-39 years","Charlton","142","0","2"
"40-49 years","Charlton","125","1","5"
"50-59 years","Charlton","90","0","2"
"60-69 years","Charlton","81","3","6"
"70-79 years","Charlton","24","4","5"
"80 & Older years","Charlton","9","2","6"
"<1 years","Charlton","2","0","0"
"Unknown years","Charlton","1","0","0"
"01-04 years","Chatham","148","0","0"
"05-09 years","Chatham","175","1","0"
"10-17 years","Chatham","558","0","11"
"18-29 years","Chatham","2550","1","38"
"30-39 years","Chatham","1664","4","70"
"40-49 years","Chatham","1228","6","84"
"50-59 years","Chatham","1180","20","141"
"60-69 years","Chatham","913","39","181"
"70-79 years","Chatham","504","47","169"
"80 & Older years","Chatham","321","68","127"
"<1 years","Chatham","37","0","3"
"Unknown years","Chatham","39","0","2"
"01-04 years","Chattahoochee","3","0","0"
"05-09 years","Chattahoochee","1","0","0"
"10-17 years","Chattahoochee","94","0","1"
"18-29 years","Chattahoochee","1462","0","1"
"30-39 years","Chattahoochee","116","0","1"
"40-49 years","Chattahoochee","26","0","0"
"50-59 years","Chattahoochee","17","0","5"
"60-69 years","Chattahoochee","9","0","3"
"70-79 years","Chattahoochee","4","0","1"
"80 & Older years","Chattahoochee","3","1","2"
"<1 years","Chattahoochee","6","0","0"
"Unknown years","Chattahoochee","1","0","0"
"01-04 years","Chattooga","3","0","0"
"05-09 years","Chattooga","10","0","0"
"10-17 years","Chattooga","59","0","0"
"18-29 years","Chattooga","164","0","1"
"30-39 years","Chattooga","137","0","4"
"40-49 years","Chattooga","149","1","4"
"50-59 years","Chattooga","135","2","7"
"60-69 years","Chattooga","113","6","17"
"70-79 years","Chattooga","75","7","16"
"80 & Older years","Chattooga","60","13","14"
"<1 years","Chattooga","2","0","1"
"Unknown years","Chattooga","7","0","1"
"01-04 years","Cherokee","70","0","5"
"05-09 years","Cherokee","133","0","3"
"10-17 years","Cherokee","611","0","2"
"18-29 years","Cherokee","1722","1","41"
"30-39 years","Cherokee","1016","1","54"
"40-49 years","Cherokee","1120","2","59"
"50-59 years","Cherokee","1112","7","93"
"60-69 years","Cherokee","578","15","87"
"70-79 years","Cherokee","345","23","86"
"80 & Older years","Cherokee","248","52","96"
"<1 years","Cherokee","21","0","0"
"Unknown years","Cherokee","22","0","0"
"01-04 years","Clarke","65","0","0"
"05-09 years","Clarke","76","0","1"
"10-17 years","Clarke","222","0","4"
"18-29 years","Clarke","3316","0","14"
"30-39 years","Clarke","601","1","21"
"40-49 years","Clarke","460","1","24"
"50-59 years","Clarke","420","4","37"
"60-69 years","Clarke","287","10","59"
"70-79 years","Clarke","144","19","57"
"80 & Older years","Clarke","73","12","22"
"<1 years","Clarke","14","0","1"
"01-04 years","Clay","1","0","0"
"05-09 years","Clay","2","0","0"
"10-17 years","Clay","10","0","0"
"18-29 years","Clay","22","0","0"
"30-39 years","Clay","21","0","1"
"40-49 years","Clay","18","0","0"
"50-59 years","Clay","16","0","1"
"60-69 years","Clay","16","1","2"
"70-79 years","Clay","7","0","0"
"80 & Older years","Clay","11","2","5"
"01-04 years","Clayton","109","0","5"
"05-09 years","Clayton","149","0","3"
"10-17 years","Clayton","405","0","11"
"18-29 years","Clayton","1853","2","58"
"30-39 years","Clayton","1580","6","85"
"40-49 years","Clayton","1320","14","107"
"50-59 years","Clayton","1246","25","153"
"60-69 years","Clayton","827","46","130"
"70-79 years","Clayton","362","37","85"
"80 & Older years","Clayton","208","44","51"
"<1 years","Clayton","22","0","1"
"Unknown years","Clayton","21","1","0"
"01-04 years","Clinch","7","0","0"
"05-09 years","Clinch","9","0","0"
"10-17 years","Clinch","51","0","0"
"18-29 years","Clinch","93","0","2"
"30-39 years","Clinch","61","1","2"
"40-49 years","Clinch","64","0","1"
"50-59 years","Clinch","55","0","7"
"60-69 years","Clinch","63","5","9"
"70-79 years","Clinch","27","6","9"
"80 & Older years","Clinch","12","0","2"
"<1 years","Clinch","1","0","0"
"Unknown years","Clinch","1","0","0"
"01-04 years","Cobb","197","1","8"
"05-09 years","Cobb","289","0","3"
"10-17 years","Cobb","1039","0","17"
"18-29 years","Cobb","6209","6","169"
"30-39 years","Cobb","3715","9","187"
"40-49 years","Cobb","3461","16","298"
"50-59 years","Cobb","3039","28","379"
"60-69 years","Cobb","1822","60","337"
"70-79 years","Cobb","1055","140","293"
"80 & Older years","Cobb","729","194","259"
"<1 years","Cobb","70","0","7"
"Unknown years","Cobb","51","0","2"
"01-04 years","Coffee","39","0","2"
"05-09 years","Coffee","42","0","3"
"10-17 years","Coffee","113","0","1"
"18-29 years","Coffee","434","0","8"
"30-39 years","Coffee","323","1","19"
"40-49 years","Coffee","364","2","47"
"50-59 years","Coffee","360","2","67"
"60-69 years","Coffee","317","16","70"
"70-79 years","Coffee","145","18","58"
"80 & Older years","Coffee","94","21","50"
"<1 years","Coffee","8","0","0"
"Unknown years","Coffee","1","0","0"
"01-04 years","Colquitt","31","0","0"
"05-09 years","Colquitt","47","0","1"
"10-17 years","Colquitt","185","0","2"
"18-29 years","Colquitt","493","0","15"
"30-39 years","Colquitt","350","0","15"
"40-49 years","Colquitt","331","4","28"
"50-59 years","Colquitt","281","9","28"
"60-69 years","Colquitt","201","9","30"
"70-79 years","Colquitt","110","6","29"
"80 & Older years","Colquitt","67","11","18"
"<1 years","Colquitt","8","0","0"
"Unknown years","Colquitt","10","0","0"
"01-04 years","Columbia","25","0","1"
"05-09 years","Columbia","69","0","0"
"10-17 years","Columbia","339","0","1"
"18-29 years","Columbia","989","0","7"
"30-39 years","Columbia","737","2","12"
"40-49 years","Columbia","746","4","21"
"50-59 years","Columbia","638","9","43"
"60-69 years","Columbia","408","8","47"
"70-79 years","Columbia","223","17","33"
"80 & Older years","Columbia","124","24","32"
"<1 years","Columbia","11","0","1"
"Unknown years","Columbia","2","0","0"
"01-04 years","Cook","8","0","0"
"05-09 years","Cook","10","0","0"
"10-17 years","Cook","44","0","1"
"18-29 years","Cook","127","0","2"
"30-39 years","Cook","92","0","4"
"40-49 years","Cook","94","0","9"
"50-59 years","Cook","75","1","14"
"60-69 years","Cook","62","3","10"
"70-79 years","Cook","45","9","14"
"80 & Older years","Cook","17","3","7"
"<1 years","Cook","5","0","0"
"Unknown years","Cook","2","0","0"
"01-04 years","Coweta","37","0","0"
"05-09 years","Coweta","50","0","0"
"10-17 years","Coweta","183","0","0"
"18-29 years","Coweta","637","1","9"
"30-39 years","Coweta","445","0","12"
"40-49 years","Coweta","441","3","19"
"50-59 years","Coweta","513","7","29"
"60-69 years","Coweta","321","15","31"
"70-79 years","Coweta","173","15","28"
"80 & Older years","Coweta","119","22","17"
"<1 years","Coweta","8","0","0"
"Unknown years","Coweta","1","0","0"
"01-04 years","Crawford","1","0","0"
"05-09 years","Crawford","1","0","0"
"10-17 years","Crawford","11","0","0"
"18-29 years","Crawford","40","0","1"
"30-39 years","Crawford","27","0","3"
"40-49 years","Crawford","20","0","2"
"50-59 years","Crawford","47","1","7"
"60-69 years","Crawford","34","3","10"
"70-79 years","Crawford","8","2","3"
"80 & Older years","Crawford","5","0","3"
"01-04 years","Crisp","9","0","0"
"05-09 years","Crisp","9","0","0"
"10-17 years","Crisp","36","0","0"
"18-29 years","Crisp","110","0","5"
"30-39 years","Crisp","101","0","8"
"40-49 years","Crisp","90","1","8"
"50-59 years","Crisp","94","2","14"
"60-69 years","Crisp","101","7","21"
"70-79 years","Crisp","46","6","19"
"80 & Older years","Crisp","31","7","8"
"<1 years","Crisp","5","0","0"
"Unknown years","Crisp","9","0","0"
"01-04 years","Dade","1","0","0"
"05-09 years","Dade","10","0","0"
"10-17 years","Dade","32","0","0"
"18-29 years","Dade","63","0","1"
"30-39 years","Dade","48","0","1"
"40-49 years","Dade","57","0","3"
"50-59 years","Dade","54","1","4"
"60-69 years","Dade","35","0","2"
"70-79 years","Dade","30","4","8"
"80 & Older years","Dade","5","1","2"
"<1 years","Dade","4","0","0"
"Unknown years","Dade","3","0","1"
"01-04 years","Dawson","6","0","0"
"05-09 years","Dawson","9","0","0"
"10-17 years","Dawson","67","0","2"
"18-29 years","Dawson","213","0","7"
"30-39 years","Dawson","124","0","3"
"40-49 years","Dawson","124","0","12"
"50-59 years","Dawson","143","0","9"
"60-69 years","Dawson","122","1","29"
"70-79 years","Dawson","67","7","17"
"80 & Older years","Dawson","27","3","7"
"<1 years","Dawson","5","0","0"
"01-04 years","DeKalb","246","0","7"
"05-09 years","DeKalb","336","0","4"
"10-17 years","DeKalb","971","0","31"
"18-29 years","DeKalb","5085","5","225"
"30-39 years","DeKalb","4267","12","302"
"40-49 years","DeKalb","3375","19","330"
"50-59 years","DeKalb","3017","50","433"
"60-69 years","DeKalb","1843","85","417"
"70-79 years","DeKalb","990","105","334"
"80 & Older years","DeKalb","600","119","212"
"<1 years","DeKalb","72","0","5"
"Unknown years","DeKalb","81","0","5"
"01-04 years","Decatur","29","0","1"
"05-09 years","Decatur","39","0","0"
"10-17 years","Decatur","105","0","0"
"18-29 years","Decatur","269","1","6"
"30-39 years","Decatur","201","1","7"
"40-49 years","Decatur","202","0","13"
"50-59 years","Decatur","167","4","21"
"60-69 years","Decatur","123","7","22"
"70-79 years","Decatur","74","12","17"
"80 & Older years","Decatur","71","9","12"
"<1 years","Decatur","6","0","0"
"Unknown years","Decatur","1","0","1"
"01-04 years","Dodge","4","0","0"
"05-09 years","Dodge","11","0","0"
"10-17 years","Dodge","44","1","1"
"18-29 years","Dodge","85","0","0"
"30-39 years","Dodge","42","0","1"
"40-49 years","Dodge","98","0","9"
"50-59 years","Dodge","106","1","7"
"60-69 years","Dodge","91","5","16"
"70-79 years","Dodge","58","3","8"
"80 & Older years","Dodge","46","5","11"
"<1 years","Dodge","2","0","0"
"Unknown years","Dodge","3","0","0"
"01-04 years","Dooly","8","0","0"
"05-09 years","Dooly","3","0","0"
"10-17 years","Dooly","16","0","0"
"18-29 years","Dooly","52","0","4"
"30-39 years","Dooly","53","0","6"
"40-49 years","Dooly","70","0","7"
"50-59 years","Dooly","68","4","11"
"60-69 years","Dooly","60","7","16"
"70-79 years","Dooly","26","4","9"
"80 & Older years","Dooly","12","3","3"
"Unknown years","Dooly","1","0","0"
"01-04 years","Dougherty","22","0","3"
"05-09 years","Dougherty","40","0","0"
"10-17 years","Dougherty","111","0","3"
"18-29 years","Dougherty","548","2","54"
"30-39 years","Dougherty","476","3","53"
"40-49 years","Dougherty","516","12","82"
"50-59 years","Dougherty","591","17","116"
"60-69 years","Dougherty","491","50","155"
"70-79 years","Dougherty","295","46","123"
"80 & Older years","Dougherty","187","61","83"
"<1 years","Dougherty","13","0","1"
"Unknown years","Dougherty","3","0","0"
"01-04 years","Douglas","40","0","0"
"05-09 years","Douglas","67","0","3"
"10-17 years","Douglas","213","0","2"
"18-29 years","Douglas","886","0","35"
"30-39 years","Douglas","685","3","43"
"40-49 years","Douglas","773","4","73"
"50-59 years","Douglas","641","7","92"
"60-69 years","Douglas","393","15","100"
"70-79 years","Douglas","216","24","67"
"80 & Older years","Douglas","116","19","47"
"<1 years","Douglas","6","0","1"
"Unknown years","Douglas","17","0","0"
"01-04 years","Early","11","0","0"
"05-09 years","Early","15","0","0"
"10-17 years","Early","31","0","0"
"18-29 years","Early","95","0","3"
"30-39 years","Early","73","0","3"
"40-49 years","Early","94","1","7"
"50-59 years","Early","86","2","7"
"60-69 years","Early","65","10","10"
"70-79 years","Early","43","11","7"
"80 & Older years","Early","30","11","6"
"<1 years","Early","2","0","0"
"01-04 years","Echols","2","0","0"
"05-09 years","Echols","4","0","0"
"10-17 years","Echols","12","0","1"
"18-29 years","Echols","104","0","1"
"30-39 years","Echols","45","0","2"
"40-49 years","Echols","27","0","0"
"50-59 years","Echols","27","0","2"
"60-69 years","Echols","11","0","0"
"70-79 years","Echols","11","2","3"
"<1 years","Echols","1","0","0"
"01-04 years","Effingham","14","0","1"
"05-09 years","Effingham","35","0","0"
"10-17 years","Effingham","149","0","0"
"18-29 years","Effingham","367","0","1"
"30-39 years","Effingham","265","1","8"
"40-49 years","Effingham","295","0","12"
"50-59 years","Effingham","300","6","23"
"60-69 years","Effingham","182","2","28"
"70-79 years","Effingham","104","8","22"
"80 & Older years","Effingham","51","11","18"
"<1 years","Effingham","5","0","0"
"Unknown years","Effingham","2","0","1"
"01-04 years","Elbert","8","0","0"
"05-09 years","Elbert","16","0","0"
"10-17 years","Elbert","43","0","0"
"18-29 years","Elbert","144","0","0"
"30-39 years","Elbert","96","0","5"
"40-49 years","Elbert","112","0","4"
"50-59 years","Elbert","119","0","8"
"60-69 years","Elbert","91","0","11"
"70-79 years","Elbert","69","4","11"
"80 & Older years","Elbert","57","5","17"
"<1 years","Elbert","3","0","1"
"Unknown years","Elbert","6","0","0"
"01-04 years","Emanuel","16","0","1"
"05-09 years","Emanuel","12","0","0"
"10-17 years","Emanuel","116","0","2"
"18-29 years","Emanuel","211","1","0"
"30-39 years","Emanuel","163","0","5"
"40-49 years","Emanuel","200","1","6"
"50-59 years","Emanuel","172","3","18"
"60-69 years","Emanuel","150","6","19"
"70-79 years","Emanuel","93","12","19"
"80 & Older years","Emanuel","46","13","14"
"<1 years","Emanuel","4","0","0"
"Unknown years","Emanuel","8","0","1"
"01-04 years","Evans","6","0","0"
"05-09 years","Evans","12","0","0"
"10-17 years","Evans","49","0","0"
"18-29 years","Evans","95","0","2"
"30-39 years","Evans","84","0","3"
"40-49 years","Evans","74","0","6"
"50-59 years","Evans","78","1","12"
"60-69 years","Evans","40","2","10"
"70-79 years","Evans","27","3","9"
"80 & Older years","Evans","11","1","1"
"<1 years","Evans","2","0","0"
"Unknown years","Evans","1","0","0"
"01-04 years","Fannin","6","0","0"
"05-09 years","Fannin","11","0","0"
"10-17 years","Fannin","47","0","0"
"18-29 years","Fannin","123","0","2"
"30-39 years","Fannin","81","0","2"
"40-49 years","Fannin","106","0","5"
"50-59 years","Fannin","121","3","9"
"60-69 years","Fannin","131","6","15"
"70-79 years","Fannin","104","1","16"
"80 & Older years","Fannin","77","18","23"
"<1 years","Fannin","3","0","0"
"Unknown years","Fannin","4","0","0"
"01-04 years","Fayette","19","0","0"
"05-09 years","Fayette","23","0","1"
"10-17 years","Fayette","133","0","1"
"18-29 years","Fayette","473","0","5"
"30-39 years","Fayette","239","0","6"
"40-49 years","Fayette","359","1","16"
"50-59 years","Fayette","365","4","23"
"60-69 years","Fayette","267","10","20"
"70-79 years","Fayette","141","21","32"
"80 & Older years","Fayette","79","21","24"
"<1 years","Fayette","2","0","0"
"Unknown years","Fayette","4","0","0"
"01-04 years","Floyd","47","0","0"
"05-09 years","Floyd","79","0","0"
"10-17 years","Floyd","376","0","7"
"18-29 years","Floyd","825","0","14"
"30-39 years","Floyd","634","2","20"
"40-49 years","Floyd","594","1","32"
"50-59 years","Floyd","502","8","60"
"60-69 years","Floyd","379","14","60"
"70-79 years","Floyd","246","14","64"
"80 & Older years","Floyd","122","20","32"
"<1 years","Floyd","18","0","0"
"Unknown years","Floyd","44","0","1"
"01-04 years","Forsyth","44","0","0"
"05-09 years","Forsyth","97","0","0"
"10-17 years","Forsyth","391","0","0"
"18-29 years","Forsyth","1215","0","25"
"30-39 years","Forsyth","683","0","26"
"40-49 years","Forsyth","786","2","50"
"50-59 years","Forsyth","724","8","67"
"60-69 years","Forsyth","372","6","67"
"70-79 years","Forsyth","201","17","70"
"80 & Older years","Forsyth","114","19","49"
"<1 years","Forsyth","15","0","1"
"Unknown years","Forsyth","32","0","0"
"01-04 years","Franklin","7","0","0"
"05-09 years","Franklin","19","0","0"
"10-17 years","Franklin","77","0","3"
"18-29 years","Franklin","190","0","4"
"30-39 years","Franklin","130","0","1"
"40-49 years","Franklin","131","0","9"
"50-59 years","Franklin","145","0","11"
"60-69 years","Franklin","100","2","13"
"70-79 years","Franklin","56","8","10"
"80 & Older years","Franklin","31","7","13"
"<1 years","Franklin","3","0","1"
"Unknown years","Franklin","26","0","1"
"01-04 years","Fulton","287","0","11"
"05-09 years","Fulton","423","0","7"
"10-17 years","Fulton","1470","1","24"
"18-29 years","Fulton","9201","4","211"
"30-39 years","Fulton","6082","13","313"
"40-49 years","Fulton","4555","26","353"
"50-59 years","Fulton","3805","52","465"
"60-69 years","Fulton","2333","111","454"
"70-79 years","Fulton","1314","151","377"
"80 & Older years","Fulton","1048","259","366"
"<1 years","Fulton","90","0","4"
"Unknown years","Fulton","83","1","6"
"01-04 years","Gilmer","17","0","1"
"05-09 years","Gilmer","15","0","0"
"10-17 years","Gilmer","76","0","2"
"18-29 years","Gilmer","147","0","7"
"30-39 years","Gilmer","143","0","9"
"40-49 years","Gilmer","160","0","9"
"50-59 years","Gilmer","144","3","11"
"60-69 years","Gilmer","151","1","19"
"70-79 years","Gilmer","92","7","19"
"80 & Older years","Gilmer","62","12","16"
"<1 years","Gilmer","6","0","0"
"Unknown years","Gilmer","7","0","0"
"05-09 years","Glascock","1","0","0"
"18-29 years","Glascock","9","0","0"
"30-39 years","Glascock","5","0","0"
"40-49 years","Glascock","8","0","0"
"50-59 years","Glascock","12","1","1"
"60-69 years","Glascock","8","0","0"
"80 & Older years","Glascock","4","1","3"
"<1 years","Glascock","1","0","0"
"01-04 years","Glynn","56","0","1"
"05-09 years","Glynn","96","0","1"
"10-17 years","Glynn","250","0","0"
"18-29 years","Glynn","888","0","15"
"30-39 years","Glynn","597","2","21"
"40-49 years","Glynn","510","3","27"
"50-59 years","Glynn","465","9","56"
"60-69 years","Glynn","380","21","81"
"70-79 years","Glynn","247","28","53"
"80 & Older years","Glynn","178","41","62"
"<1 years","Glynn","14","0","0"
"Unknown years","Glynn","15","0","0"
"01-04 years","Gordon","25","0","0"
"05-09 years","Gordon","38","0","0"
"10-17 years","Gordon","175","0","2"
"18-29 years","Gordon","492","0","7"
"30-39 years","Gordon","368","0","14"
"40-49 years","Gordon","418","0","15"
"50-59 years","Gordon","347","6","21"
"60-69 years","Gordon","226","7","16"
"70-79 years","Gordon","141","16","33"
"80 & Older years","Gordon","67","15","22"
"<1 years","Gordon","3","0","1"
"Unknown years","Gordon","7","0","0"
"01-04 years","Grady","16","0","1"
"05-09 years","Grady","21","0","0"
"10-17 years","Grady","72","0","2"
"18-29 years","Grady","142","0","5"
"30-39 years","Grady","144","0","5"
"40-49 years","Grady","139","0","18"
"50-59 years","Grady","110","3","15"
"60-69 years","Grady","88","2","18"
"70-79 years","Grady","78","8","21"
"80 & Older years","Grady","34","12","13"
"<1 years","Grady","3","0","1"
"Unknown years","Grady","3","0","0"
"01-04 years","Greene","5","0","0"
"05-09 years","Greene","18","0","0"
"10-17 years","Greene","33","0","0"
"18-29 years","Greene","135","0","4"
"30-39 years","Greene","79","0","5"
"40-49 years","Greene","66","3","7"
"50-59 years","Greene","71","3","7"
"60-69 years","Greene","72","2","9"
"70-79 years","Greene","53","5","13"
"80 & Older years","Greene","35","12","15"
"<1 years","Greene","1","0","1"
"Unknown years","Greene","1","0","0"
"01-04 years","Gwinnett","463","0","11"
"05-09 years","Gwinnett","659","0","10"
"10-17 years","Gwinnett","1953","1","42"
"18-29 years","Gwinnett","7621","1","331"
"30-39 years","Gwinnett","5321","10","361"
"40-49 years","Gwinnett","5605","25","478"
"50-59 years","Gwinnett","4376","52","503"
"60-69 years","Gwinnett","2368","85","479"
"70-79 years","Gwinnett","990","88","313"
"80 & Older years","Gwinnett","693","178","337"
"<1 years","Gwinnett","119","0","4"
"Unknown years","Gwinnett","36","0","0"
"01-04 years","Habersham","12","0","1"
"05-09 years","Habersham","14","0","0"
"10-17 years","Habersham","86","1","5"
"18-29 years","Habersham","380","0","7"
"30-39 years","Habersham","267","2","19"
"40-49 years","Habersham","283","1","24"
"50-59 years","Habersham","289","4","28"
"60-69 years","Habersham","218","9","61"
"70-79 years","Habersham","155","17","50"
"80 & Older years","Habersham","146","43","45"
"<1 years","Habersham","4","0","1"
"Unknown years","Habersham","14","0","1"
"01-04 years","Hall","81","0","3"
"05-09 years","Hall","170","0","1"
"10-17 years","Hall","687","0","13"
"18-29 years","Hall","2524","3","96"
"30-39 years","Hall","1596","1","96"
"40-49 years","Hall","1705","7","149"
"50-59 years","Hall","1683","13","204"
"60-69 years","Hall","985","36","186"
"70-79 years","Hall","583","37","160"
"80 & Older years","Hall","403","76","165"
"<1 years","Hall","18","0","5"
"Unknown years","Hall","139","0","7"
"01-04 years","Hancock","3","0","0"
"05-09 years","Hancock","3","0","0"
"10-17 years","Hancock","15","0","0"
"18-29 years","Hancock","48","0","1"
"30-39 years","Hancock","42","0","2"
"40-49 years","Hancock","59","1","4"
"50-59 years","Hancock","65","2","7"
"60-69 years","Hancock","87","12","21"
"70-79 years","Hancock","47","12","16"
"80 & Older years","Hancock","43","17","17"
"<1 years","Hancock","1","0","0"
"01-04 years","Haralson","8","0","0"
"05-09 years","Haralson","11","0","0"
"10-17 years","Haralson","59","0","1"
"18-29 years","Haralson","149","0","1"
"30-39 years","Haralson","99","0","2"
"40-49 years","Haralson","82","1","4"
"50-59 years","Haralson","81","0","1"
"60-69 years","Haralson","70","3","9"
"70-79 years","Haralson","48","6","10"
"80 & Older years","Haralson","19","0","3"
"<1 years","Haralson","4","0","0"
"01-04 years","Harris","12","0","0"
"05-09 years","Harris","8","0","0"
"10-17 years","Harris","69","0","2"
"18-29 years","Harris","139","0","2"
"30-39 years","Harris","90","0","3"
"40-49 years","Harris","135","1","6"
"50-59 years","Harris","153","4","15"
"60-69 years","Harris","150","9","37"
"70-79 years","Harris","67","7","21"
"80 & Older years","Harris","24","4","6"
"<1 years","Harris","2","0","0"
"01-04 years","Hart","8","0","0"
"05-09 years","Hart","11","0","1"
"10-17 years","Hart","27","0","0"
"18-29 years","Hart","102","0","0"
"30-39 years","Hart","79","0","4"
"40-49 years","Hart","87","0","6"
"50-59 years","Hart","103","1","12"
"60-69 years","Hart","79","5","20"
"70-79 years","Hart","39","3","7"
"80 & Older years","Hart","34","7","20"
"<1 years","Hart","1","0","1"
"01-04 years","Heard","2","0","0"
"05-09 years","Heard","8","0","0"
"10-17 years","Heard","16","0","1"
"18-29 years","Heard","47","0","0"
"30-39 years","Heard","23","0","1"
"40-49 years","Heard","41","0","2"
"50-59 years","Heard","31","0","2"
"60-69 years","Heard","31","1","3"
"70-79 years","Heard","18","3","5"
"80 & Older years","Heard","6","2","1"
"Unknown years","Heard","1","0","0"
"01-04 years","Henry","51","0","1"
"05-09 years","Henry","97","0","1"
"10-17 years","Henry","352","0","2"
"18-29 years","Henry","1338","0","20"
"30-39 years","Henry","1073","3","24"
"40-49 years","Henry","1160","7","46"
"50-59 years","Henry","1034","11","70"
"60-69 years","Henry","528","21","41"
"70-79 years","Henry","283","31","43"
"80 & Older years","Henry","160","39","29"
"<1 years","Henry","13","0","2"
"Unknown years","Henry","7","0","0"
"01-04 years","Houston","40","0","1"
"05-09 years","Houston","65","0","1"
"10-17 years","Houston","196","0","3"
"18-29 years","Houston","816","2","25"
"30-39 years","Houston","663","1","37"
"40-49 years","Houston","623","2","63"
"50-59 years","Houston","543","9","65"
"60-69 years","Houston","326","22","75"
"70-79 years","Houston","186","33","75"
"80 & Older years","Houston","96","25","47"
"<1 years","Houston","10","0","1"
"Unknown years","Houston","2","0","0"
"01-04 years","Irwin","3","0","0"
"05-09 years","Irwin","7","0","0"
"10-17 years","Irwin","25","0","0"
"18-29 years","Irwin","61","0","3"
"30-39 years","Irwin","57","0","4"
"40-49 years","Irwin","67","0","4"
"50-59 years","Irwin","53","0","5"
"60-69 years","Irwin","44","1","13"
"70-79 years","Irwin","19","2","1"
"80 & Older years","Irwin","20","5","11"
"01-04 years","Jackson","15","0","0"
"05-09 years","Jackson","40","0","0"
"10-17 years","Jackson","202","0","1"
"18-29 years","Jackson","487","0","9"
"30-39 years","Jackson","364","0","12"
"40-49 years","Jackson","391","1","32"
"50-59 years","Jackson","385","4","33"
"60-69 years","Jackson","215","5","29"
"70-79 years","Jackson","147","12","41"
"80 & Older years","Jackson","74","18","32"
"<1 years","Jackson","6","0","2"
"Unknown years","Jackson","11","0","1"
"05-09 years","Jasper","4","0","0"
"10-17 years","Jasper","9","0","0"
"18-29 years","Jasper","53","0","1"
"30-39 years","Jasper","40","0","0"
"40-49 years","Jasper","30","0","2"
"50-59 years","Jasper","49","0","6"
"60-69 years","Jasper","34","3","8"
"70-79 years","Jasper","16","1","3"
"80 & Older years","Jasper","6","0","0"
"<1 years","Jasper","2","0","0"
"01-04 years","Jeff Davis","20","0","1"
"05-09 years","Jeff Davis","22","0","0"
"10-17 years","Jeff Davis","63","0","2"
"18-29 years","Jeff Davis","156","0","2"
"30-39 years","Jeff Davis","133","0","5"
"40-49 years","Jeff Davis","126","0","11"
"50-59 years","Jeff Davis","118","2","8"
"60-69 years","Jeff Davis","83","5","14"
"70-79 years","Jeff Davis","50","11","14"
"80 & Older years","Jeff Davis","11","5","5"
"<1 years","Jeff Davis","2","0","1"
"Unknown years","Jeff Davis","1","0","0"
"01-04 years","Jefferson","16","0","0"
"05-09 years","Jefferson","20","0","0"
"10-17 years","Jefferson","51","0","0"
"18-29 years","Jefferson","133","0","2"
"30-39 years","Jefferson","105","0","6"
"40-49 years","Jefferson","120","3","9"
"50-59 years","Jefferson","153","2","14"
"60-69 years","Jefferson","122","6","17"
"70-79 years","Jefferson","87","9","18"
"80 & Older years","Jefferson","38","12","16"
"<1 years","Jefferson","4","0","0"
"Unknown years","Jefferson","3","0","0"
"01-04 years","Jenkins","5","0","0"
"05-09 years","Jenkins","12","0","0"
"10-17 years","Jenkins","38","0","0"
"18-29 years","Jenkins","72","0","2"
"30-39 years","Jenkins","43","1","3"
"40-49 years","Jenkins","69","2","8"
"50-59 years","Jenkins","79","5","13"
"60-69 years","Jenkins","60","5","9"
"70-79 years","Jenkins","39","11","19"
"80 & Older years","Jenkins","44","8","11"
"<1 years","Jenkins","2","0","0"
"01-04 years","Johnson","4","0","0"
"05-09 years","Johnson","5","0","0"
"10-17 years","Johnson","14","0","0"
"18-29 years","Johnson","75","0","2"
"30-39 years","Johnson","48","0","3"
"40-49 years","Johnson","54","1","6"
"50-59 years","Johnson","72","0","12"
"60-69 years","Johnson","68","5","12"
"70-79 years","Johnson","50","6","13"
"80 & Older years","Johnson","50","10","12"
"01-04 years","Jones","2","0","0"
"05-09 years","Jones","7","0","0"
"10-17 years","Jones","26","0","0"
"18-29 years","Jones","167","0","3"
"30-39 years","Jones","98","0","3"
"40-49 years","Jones","96","1","5"
"50-59 years","Jones","103","1","12"
"60-69 years","Jones","72","1","12"
"70-79 years","Jones","39","5","15"
"80 & Older years","Jones","30","8","5"
"<1 years","Jones","1","0","0"
"01-04 years","Lamar","5","0","0"
"05-09 years","Lamar","15","0","0"
"10-17 years","Lamar","27","0","1"
"18-29 years","Lamar","57","0","1"
"30-39 years","Lamar","51","0","1"
"40-49 years","Lamar","58","1","2"
"50-59 years","Lamar","62","1","9"
"60-69 years","Lamar","55","3","9"
"70-79 years","Lamar","43","4","10"
"80 & Older years","Lamar","28","10","12"
"<1 years","Lamar","3","0","0"
"Unknown years","Lamar","1","0","0"
"01-04 years","Lanier","5","0","0"
"05-09 years","Lanier","8","0","1"
"10-17 years","Lanier","19","0","1"
"18-29 years","Lanier","71","1","0"
"30-39 years","Lanier","84","0","1"
"40-49 years","Lanier","41","1","1"
"50-59 years","Lanier","39","0","3"
"60-69 years","Lanier","23","1","1"
"70-79 years","Lanier","13","4","4"
"80 & Older years","Lanier","9","0","4"
"<1 years","Lanier","3","0","0"
"Unknown years","Lanier","2","0","0"
"01-04 years","Laurens","15","0","0"
"05-09 years","Laurens","20","0","0"
"10-17 years","Laurens","123","0","1"
"18-29 years","Laurens","352","0","4"
"30-39 years","Laurens","261","0","6"
"40-49 years","Laurens","287","3","14"
"50-59 years","Laurens","315","5","33"
"60-69 years","Laurens","266","20","42"
"70-79 years","Laurens","190","25","40"
"80 & Older years","Laurens","124","33","28"
"<1 years","Laurens","6","0","0"
"Unknown years","Laurens","8","0","0"
"01-04 years","Lee","7","0","0"
"05-09 years","Lee","11","0","2"
"10-17 years","Lee","41","0","1"
"18-29 years","Lee","119","1","6"
"30-39 years","Lee","143","1","13"
"40-49 years","Lee","135","3","17"
"50-59 years","Lee","130","6","24"
"60-69 years","Lee","90","7","17"
"70-79 years","Lee","47","6","19"
"80 & Older years","Lee","20","5","10"
"<1 years","Lee","3","0","0"
"01-04 years","Liberty","11","0","0"
"05-09 years","Liberty","25","0","1"
"10-17 years","Liberty","80","0","1"
"18-29 years","Liberty","293","1","9"
"30-39 years","Liberty","216","0","7"
"40-49 years","Liberty","195","0","9"
"50-59 years","Liberty","166","1","25"
"60-69 years","Liberty","129","7","24"
"70-79 years","Liberty","61","9","24"
"80 & Older years","Liberty","39","7","16"
"<1 years","Liberty","13","0","1"
"Unknown years","Liberty","4","0","0"
"01-04 years","Lincoln","3","0","0"
"05-09 years","Lincoln","7","0","0"
"10-17 years","Lincoln","10","0","0"
"18-29 years","Lincoln","47","0","2"
"30-39 years","Lincoln","30","0","1"
"40-49 years","Lincoln","38","0","3"
"50-59 years","Lincoln","31","0","2"
"60-69 years","Lincoln","33","2","8"
"70-79 years","Lincoln","20","1","7"
"80 & Older years","Lincoln","11","4","4"
"<1 years","Lincoln","1","0","0"
"01-04 years","Long","10","0","0"
"05-09 years","Long","3","0","0"
"10-17 years","Long","16","0","0"
"18-29 years","Long","53","0","0"
"30-39 years","Long","66","0","0"
"40-49 years","Long","38","0","2"
"50-59 years","Long","35","1","5"
"60-69 years","Long","30","0","3"
"70-79 years","Long","15","3","5"
"80 & Older years","Long","4","0","2"
"<1 years","Long","3","0","0"
"Unknown years","Long","1","0","1"
"01-04 years","Lowndes","66","0","0"
"05-09 years","Lowndes","97","0","0"
"10-17 years","Lowndes","339","0","4"
"18-29 years","Lowndes","1372","3","22"
"30-39 years","Lowndes","704","0","14"
"40-49 years","Lowndes","629","1","29"
"50-59 years","Lowndes","512","6","36"
"60-69 years","Lowndes","345","15","42"
"70-79 years","Lowndes","195","27","33"
"80 & Older years","Lowndes","124","33","34"
"<1 years","Lowndes","17","0","0"
"Unknown years","Lowndes","23","0","0"
"01-04 years","Lumpkin","5","0","0"
"05-09 years","Lumpkin","11","0","0"
"10-17 years","Lumpkin","51","0","2"
"18-29 years","Lumpkin","285","0","3"
"30-39 years","Lumpkin","114","0","5"
"40-49 years","Lumpkin","128","0","10"
"50-59 years","Lumpkin","135","2","13"
"60-69 years","Lumpkin","143","4","18"
"70-79 years","Lumpkin","109","4","28"
"80 & Older years","Lumpkin","40","5","20"
"<1 years","Lumpkin","2","0","1"
"Unknown years","Lumpkin","15","0","0"
"01-04 years","Macon","5","0","0"
"05-09 years","Macon","6","0","0"
"10-17 years","Macon","8","0","0"
"18-29 years","Macon","42","0","1"
"30-39 years","Macon","26","0","3"
"40-49 years","Macon","47","1","5"
"50-59 years","Macon","50","3","9"
"60-69 years","Macon","29","3","16"
"70-79 years","Macon","23","1","10"
"80 & Older years","Macon","11","2","5"
"<1 years","Macon","1","0","0"
"01-04 years","Madison","14","0","0"
"05-09 years","Madison","12","0","0"
"10-17 years","Madison","79","0","0"
"18-29 years","Madison","146","0","1"
"30-39 years","Madison","126","0","5"
"40-49 years","Madison","126","0","8"
"50-59 years","Madison","133","1","15"
"60-69 years","Madison","71","2","14"
"70-79 years","Madison","46","6","19"
"80 & Older years","Madison","12","2","2"
"<1 years","Madison","8","0","1"
"Unknown years","Madison","1","0","0"
"01-04 years","Marion","2","0","0"
"05-09 years","Marion","2","0","0"
"10-17 years","Marion","13","0","0"
"18-29 years","Marion","33","0","0"
"30-39 years","Marion","23","0","2"
"40-49 years","Marion","33","1","5"
"50-59 years","Marion","30","2","5"
"60-69 years","Marion","27","3","3"
"70-79 years","Marion","16","1","3"
"80 & Older years","Marion","16","2","5"
"<1 years","Marion","1","0","0"
"01-04 years","McDuffie","4","0","0"
"05-09 years","McDuffie","6","0","0"
"10-17 years","McDuffie","35","0","0"
"18-29 years","McDuffie","139","0","3"
"30-39 years","McDuffie","102","1","2"
"40-49 years","McDuffie","111","2","8"
"50-59 years","McDuffie","116","2","16"
"60-69 years","McDuffie","85","2","12"
"70-79 years","McDuffie","58","5","25"
"80 & Older years","McDuffie","17","3","11"
"05-09 years","McIntosh","3","0","0"
"10-17 years","McIntosh","17","0","0"
"18-29 years","McIntosh","58","0","2"
"30-39 years","McIntosh","45","0","3"
"40-49 years","McIntosh","49","0","3"
"50-59 years","McIntosh","51","0","2"
"60-69 years","McIntosh","40","2","11"
"70-79 years","McIntosh","32","3","9"
"80 & Older years","McIntosh","7","2","2"
"<1 years","McIntosh","1","0","0"
"Unknown years","McIntosh","1","0","0"
"01-04 years","Meriwether","10","0","1"
"05-09 years","Meriwether","11","0","1"
"10-17 years","Meriwether","19","0","0"
"18-29 years","Meriwether","92","0","3"
"30-39 years","Meriwether","90","2","11"
"40-49 years","Meriwether","112","1","11"
"50-59 years","Meriwether","91","1","11"
"60-69 years","Meriwether","76","2","15"
"70-79 years","Meriwether","54","3","16"
"80 & Older years","Meriwether","35","7","9"
"<1 years","Meriwether","2","0","0"
"01-04 years","Miller","3","0","0"
"05-09 years","Miller","3","0","0"
"10-17 years","Miller","22","0","0"
"18-29 years","Miller","54","0","0"
"30-39 years","Miller","53","0","0"
"40-49 years","Miller","41","0","1"
"50-59 years","Miller","64","0","6"
"60-69 years","Miller","39","2","3"
"70-79 years","Miller","14","0","1"
"80 & Older years","Miller","10","0","2"
"<1 years","Miller","2","0","0"
"01-04 years","Mitchell","3","0","0"
"05-09 years","Mitchell","11","0","0"
"10-17 years","Mitchell","41","0","0"
"18-29 years","Mitchell","129","0","6"
"30-39 years","Mitchell","120","1","12"
"40-49 years","Mitchell","130","2","12"
"50-59 years","Mitchell","165","7","42"
"60-69 years","Mitchell","128","10","38"
"70-79 years","Mitchell","68","8","25"
"80 & Older years","Mitchell","51","17","18"
"Unknown years","Mitchell","4","0","1"
"01-04 years","Monroe","3","0","0"
"05-09 years","Monroe","6","0","0"
"10-17 years","Monroe","35","0","0"
"18-29 years","Monroe","130","0","1"
"30-39 years","Monroe","83","0","3"
"40-49 years","Monroe","96","1","9"
"50-59 years","Monroe","134","2","12"
"60-69 years","Monroe","104","8","23"
"70-79 years","Monroe","74","14","22"
"80 & Older years","Monroe","82","28","17"
"<1 years","Monroe","3","0","1"
"01-04 years","Montgomery","5","0","0"
"05-09 years","Montgomery","3","0","0"
"10-17 years","Montgomery","21","0","1"
"18-29 years","Montgomery","85","0","0"
"30-39 years","Montgomery","52","1","3"
"40-49 years","Montgomery","74","0","2"
"50-59 years","Montgomery","51","1","5"
"60-69 years","Montgomery","42","3","8"
"70-79 years","Montgomery","26","3","6"
"80 & Older years","Montgomery","10","2","2"
"<1 years","Montgomery","2","0","0"
"01-04 years","Morgan","14","0","0"
"05-09 years","Morgan","9","0","0"
"10-17 years","Morgan","45","0","0"
"18-29 years","Morgan","114","0","2"
"30-39 years","Morgan","70","0","5"
"40-49 years","Morgan","74","0","3"
"50-59 years","Morgan","85","0","7"
"60-69 years","Morgan","60","1","4"
"70-79 years","Morgan","24","1","8"
"80 & Older years","Morgan","23","4","11"
"<1 years","Morgan","5","0","0"
"Unknown years","Morgan","1","0","0"
"01-04 years","Murray","15","0","1"
"05-09 years","Murray","11","0","1"
"10-17 years","Murray","68","0","0"
"18-29 years","Murray","242","0","2"
"30-39 years","Murray","152","0","2"
"40-49 years","Murray","194","0","11"
"50-59 years","Murray","163","1","12"
"60-69 years","Murray","93","1","11"
"70-79 years","Murray","57","5","17"
"80 & Older years","Murray","13","2","5"
"<1 years","Murray","4","0","0"
"Unknown years","Murray","2","0","0"
"01-04 years","Muscogee","102","0","4"
"05-09 years","Muscogee","125","0","0"
"10-17 years","Muscogee","317","0","3"
"18-29 years","Muscogee","1644","3","40"
"30-39 years","Muscogee","1036","2","59"
"40-49 years","Muscogee","871","3","61"
"50-59 years","Muscogee","888","22","134"
"60-69 years","Muscogee","708","42","172"
"70-79 years","Muscogee","380","45","118"
"80 & Older years","Muscogee","215","57","98"
"<1 years","Muscogee","35","0","2"
"Unknown years","Muscogee","7","0","0"
"01-04 years","Newton","34","0","2"
"05-09 years","Newton","41","0","0"
"10-17 years","Newton","130","0","1"
"18-29 years","Newton","564","0","18"
"30-39 years","Newton","458","0","34"
"40-49 years","Newton","536","0","48"
"50-59 years","Newton","490","7","63"
"60-69 years","Newton","259","15","49"
"70-79 years","Newton","175","27","48"
"80 & Older years","Newton","139","46","33"
"<1 years","Newton","11","0","1"
"Unknown years","Newton","2","0","0"
"01-04 years","Non-GA Resident/Unknown State","154","0","0"
"05-09 years","Non-GA Resident/Unknown State","256","0","4"
"10-17 years","Non-GA Resident/Unknown State","893","0","6"
"18-29 years","Non-GA Resident/Unknown State","3801","4","45"
"30-39 years","Non-GA Resident/Unknown State","2420","3","53"
"40-49 years","Non-GA Resident/Unknown State","2088","5","60"
"50-59 years","Non-GA Resident/Unknown State","1900","22","123"
"60-69 years","Non-GA Resident/Unknown State","1234","46","148"
"70-79 years","Non-GA Resident/Unknown State","725","52","131"
"80 & Older years","Non-GA Resident/Unknown State","426","51","103"
"<1 years","Non-GA Resident/Unknown State","90","0","1"
"Unknown years","Non-GA Resident/Unknown State","457","0","5"
"01-04 years","Oconee","3","0","0"
"05-09 years","Oconee","11","0","0"
"10-17 years","Oconee","60","0","0"
"18-29 years","Oconee","242","0","2"
"30-39 years","Oconee","95","0","2"
"40-49 years","Oconee","122","0","8"
"50-59 years","Oconee","132","2","4"
"60-69 years","Oconee","84","9","16"
"70-79 years","Oconee","57","6","14"
"80 & Older years","Oconee","47","13","22"
"<1 years","Oconee","1","0","0"
"01-04 years","Oglethorpe","4","0","0"
"05-09 years","Oglethorpe","11","0","0"
"10-17 years","Oglethorpe","32","0","0"
"18-29 years","Oglethorpe","80","0","1"
"30-39 years","Oglethorpe","45","0","0"
"40-49 years","Oglethorpe","57","0","4"
"50-59 years","Oglethorpe","58","1","12"
"60-69 years","Oglethorpe","39","0","8"
"70-79 years","Oglethorpe","39","2","10"
"80 & Older years","Oglethorpe","39","9","12"
"<1 years","Oglethorpe","3","0","0"
"01-04 years","Paulding","39","0","1"
"05-09 years","Paulding","72","0","0"
"10-17 years","Paulding","265","0","5"
"18-29 years","Paulding","677","0","6"
"30-39 years","Paulding","495","1","15"
"40-49 years","Paulding","544","3","14"
"50-59 years","Paulding","501","8","33"
"60-69 years","Paulding","263","8","34"
"70-79 years","Paulding","151","15","34"
"80 & Older years","Paulding","82","25","13"
"<1 years","Paulding","8","0","0"
"Unknown years","Paulding","8","0","0"
"01-04 years","Peach","8","0","0"
"05-09 years","Peach","13","0","0"
"10-17 years","Peach","23","0","1"
"18-29 years","Peach","167","1","7"
"30-39 years","Peach","140","0","9"
"40-49 years","Peach","110","2","9"
"50-59 years","Peach","119","3","24"
"60-69 years","Peach","103","7","29"
"70-79 years","Peach","43","5","17"
"80 & Older years","Peach","32","8","16"
"<1 years","Peach","4","0","0"
"Unknown years","Peach","1","0","0"
"01-04 years","Pickens","12","0","1"
"05-09 years","Pickens","10","0","0"
"10-17 years","Pickens","33","0","0"
"18-29 years","Pickens","140","0","4"
"30-39 years","Pickens","88","0","5"
"40-49 years","Pickens","140","0","7"
"50-59 years","Pickens","126","0","8"
"60-69 years","Pickens","97","0","13"
"70-79 years","Pickens","61","6","20"
"80 & Older years","Pickens","31","4","9"
"<1 years","Pickens","1","0","0"
"Unknown years","Pickens","2","0","0"
"01-04 years","Pierce","6","0","0"
"05-09 years","Pierce","10","0","0"
"10-17 years","Pierce","43","1","1"
"18-29 years","Pierce","130","0","3"
"30-39 years","Pierce","80","0","3"
"40-49 years","Pierce","117","0","11"
"50-59 years","Pierce","96","3","10"
"60-69 years","Pierce","87","6","26"
"70-79 years","Pierce","62","6","21"
"80 & Older years","Pierce","32","8","8"
"<1 years","Pierce","3","0","0"
"Unknown years","Pierce","1","0","0"
"01-04 years","Pike","11","0","0"
"05-09 years","Pike","6","0","0"
"10-17 years","Pike","33","0","0"
"18-29 years","Pike","67","0","1"
"30-39 years","Pike","52","0","2"
"40-49 years","Pike","71","1","3"
"50-59 years","Pike","52","2","6"
"60-69 years","Pike","41","1","9"
"70-79 years","Pike","37","4","7"
"80 & Older years","Pike","11","3","3"
"Unknown years","Pike","1","0","0"
"01-04 years","Polk","20","0","1"
"05-09 years","Polk","33","0","0"
"10-17 years","Polk","154","0","1"
"18-29 years","Polk","396","0","1"
"30-39 years","Polk","244","0","5"
"40-49 years","Polk","283","1","22"
"50-59 years","Polk","241","3","31"
"60-69 years","Polk","137","7","27"
"70-79 years","Polk","107","6","25"
"80 & Older years","Polk","49","10","18"
"<1 years","Polk","5","0","0"
"Unknown years","Polk","22","0","0"
"05-09 years","Pulaski","3","0","0"
"10-17 years","Pulaski","20","0","1"
"18-29 years","Pulaski","45","0","1"
"30-39 years","Pulaski","43","0","2"
"40-49 years","Pulaski","46","0","6"
"50-59 years","Pulaski","63","0","5"
"60-69 years","Pulaski","53","5","7"
"70-79 years","Pulaski","34","10","13"
"80 & Older years","Pulaski","28","8","4"
"01-04 years","Putnam","10","0","0"
"05-09 years","Putnam","26","0","0"
"10-17 years","Putnam","51","0","1"
"18-29 years","Putnam","151","0","3"
"30-39 years","Putnam","92","0","4"
"40-49 years","Putnam","107","1","5"
"50-59 years","Putnam","123","1","10"
"60-69 years","Putnam","104","8","15"
"70-79 years","Putnam","75","9","22"
"80 & Older years","Putnam","45","8","15"
"<1 years","Putnam","4","0","0"
"01-04 years","Quitman","1","0","0"
"10-17 years","Quitman","2","0","0"
"18-29 years","Quitman","7","0","0"
"30-39 years","Quitman","3","0","1"
"40-49 years","Quitman","2","0","1"
"50-59 years","Quitman","4","0","0"
"60-69 years","Quitman","15","1","3"
"70-79 years","Quitman","2","0","1"
"80 & Older years","Quitman","2","0","1"
"01-04 years","Rabun","4","0","0"
"05-09 years","Rabun","6","0","0"
"10-17 years","Rabun","28","0","0"
"18-29 years","Rabun","85","0","5"
"30-39 years","Rabun","64","1","4"
"40-49 years","Rabun","49","0","2"
"50-59 years","Rabun","58","0","6"
"60-69 years","Rabun","66","1","13"
"70-79 years","Rabun","34","4","13"
"80 & Older years","Rabun","25","5","10"
"<1 years","Rabun","2","0","1"
"Unknown years","Rabun","2","0","0"
"05-09 years","Randolph","2","0","0"
"10-17 years","Randolph","4","0","0"
"18-29 years","Randolph","42","0","0"
"30-39 years","Randolph","49","2","2"
"40-49 years","Randolph","39","0","3"
"50-59 years","Randolph","72","3","14"
"60-69 years","Randolph","52","7","12"
"70-79 years","Randolph","30","3","9"
"80 & Older years","Randolph","46","14","16"
"<1 years","Randolph","1","0","0"
"Unknown years","Randolph","2","0","0"
"01-04 years","Richmond","73","0","0"
"05-09 years","Richmond","127","0","2"
"10-17 years","Richmond","437","0","2"
"18-29 years","Richmond","1885","3","22"
"30-39 years","Richmond","1373","3","44"
"40-49 years","Richmond","1189","13","62"
"50-59 years","Richmond","1168","16","106"
"60-69 years","Richmond","808","30","112"
"70-79 years","Richmond","448","36","122"
"80 & Older years","Richmond","321","80","148"
"<1 years","Richmond","34","0","2"
"Unknown years","Richmond","13","0","0"
"01-04 years","Rockdale","29","0","0"
"05-09 years","Rockdale","45","0","0"
"10-17 years","Rockdale","114","0","1"
"18-29 years","Rockdale","437","2","23"
"30-39 years","Rockdale","351","2","36"
"40-49 years","Rockdale","371","4","44"
"50-59 years","Rockdale","373","5","45"
"60-69 years","Rockdale","217","9","58"
"70-79 years","Rockdale","113","13","41"
"80 & Older years","Rockdale","49","5","18"
"<1 years","Rockdale","1","0","0"
"Unknown years","Rockdale","1","0","0"
"01-04 years","Schley","4","0","0"
"05-09 years","Schley","3","0","0"
"10-17 years","Schley","12","0","0"
"18-29 years","Schley","25","0","1"
"30-39 years","Schley","10","0","0"
"40-49 years","Schley","13","0","2"
"50-59 years","Schley","16","0","3"
"60-69 years","Schley","16","1","7"
"70-79 years","Schley","6","0","2"
"80 & Older years","Schley","3","1","1"
"<1 years","Schley","1","0","0"
"01-04 years","Screven","2","0","0"
"05-09 years","Screven","7","0","0"
"10-17 years","Screven","41","0","0"
"18-29 years","Screven","83","0","3"
"30-39 years","Screven","56","0","2"
"40-49 years","Screven","59","1","4"
"50-59 years","Screven","57","0","9"
"60-69 years","Screven","72","1","12"
"70-79 years","Screven","40","3","10"
"80 & Older years","Screven","28","6","7"
"<1 years","Screven","2","0","0"
"Unknown years","Screven","1","0","0"
"01-04 years","Seminole","12","0","0"
"05-09 years","Seminole","9","0","0"
"10-17 years","Seminole","38","0","0"
"18-29 years","Seminole","57","0","0"
"30-39 years","Seminole","48","0","0"
"40-49 years","Seminole","56","0","2"
"50-59 years","Seminole","57","1","6"
"60-69 years","Seminole","62","1","9"
"70-79 years","Seminole","37","5","7"
"80 & Older years","Seminole","14","4","7"
"<1 years","Seminole","2","0","0"
"01-04 years","Spalding","21","0","0"
"05-09 years","Spalding","12","0","0"
"10-17 years","Spalding","71","0","2"
"18-29 years","Spalding","266","0","10"
"30-39 years","Spalding","243","1","21"
"40-49 years","Spalding","231","2","22"
"50-59 years","Spalding","253","6","46"
"60-69 years","Spalding","206","11","36"
"70-79 years","Spalding","129","17","38"
"80 & Older years","Spalding","125","25","32"
"<1 years","Spalding","1","0","0"
"Unknown years","Spalding","3","0","0"
"01-04 years","Stephens","8","0","0"
"05-09 years","Stephens","22","0","0"
"10-17 years","Stephens","65","0","1"
"18-29 years","Stephens","231","0","8"
"30-39 years","Stephens","141","0","6"
"40-49 years","Stephens","169","1","14"
"50-59 years","Stephens","185","3","19"
"60-69 years","Stephens","194","9","35"
"70-79 years","Stephens","148","11","28"
"80 & Older years","Stephens","92","17","19"
"<1 years","Stephens","1","0","0"
"Unknown years","Stephens","7","0","0"
"01-04 years","Stewart","1","0","0"
"05-09 years","Stewart","2","0","0"
"10-17 years","Stewart","10","0","0"
"18-29 years","Stewart","109","0","10"
"30-39 years","Stewart","151","1","15"
"40-49 years","Stewart","103","1","14"
"50-59 years","Stewart","59","1","10"
"60-69 years","Stewart","47","7","21"
"70-79 years","Stewart","21","2","3"
"80 & Older years","Stewart","17","4","4"
"<1 years","Stewart","1","0","0"
"Unknown years","Stewart","14","0","4"
"01-04 years","Sumter","8","0","0"
"05-09 years","Sumter","14","0","0"
"10-17 years","Sumter","24","0","2"
"18-29 years","Sumter","170","1","6"
"30-39 years","Sumter","135","1","16"
"40-49 years","Sumter","125","3","18"
"50-59 years","Sumter","152","2","37"
"60-69 years","Sumter","151","19","56"
"70-79 years","Sumter","109","20","36"
"80 & Older years","Sumter","69","22","35"
"<1 years","Sumter","1","0","0"
"Unknown years","Sumter","1","0","0"
"01-04 years","Talbot","1","0","0"
"05-09 years","Talbot","1","0","0"
"10-17 years","Talbot","16","0","0"
"18-29 years","Talbot","21","0","1"
"30-39 years","Talbot","16","0","1"
"40-49 years","Talbot","35","1","4"
"50-59 years","Talbot","30","1","4"
"60-69 years","Talbot","26","2","8"
"70-79 years","Talbot","17","1","2"
"80 & Older years","Talbot","11","2","5"
"10-17 years","Taliaferro","1","0","0"
"18-29 years","Taliaferro","2","0","0"
"30-39 years","Taliaferro","3","0","0"
"40-49 years","Taliaferro","7","0","1"
"50-59 years","Taliaferro","7","0","0"
"60-69 years","Taliaferro","1","0","0"
"70-79 years","Taliaferro","4","0","0"
"80 & Older years","Taliaferro","1","0","1"
"01-04 years","Tattnall","18","0","0"
"05-09 years","Tattnall","27","0","0"
"10-17 years","Tattnall","74","0","0"
"18-29 years","Tattnall","202","0","1"
"30-39 years","Tattnall","130","0","3"
"40-49 years","Tattnall","144","0","5"
"50-59 years","Tattnall","144","3","14"
"60-69 years","Tattnall","111","4","17"
"70-79 years","Tattnall","46","5","19"
"80 & Older years","Tattnall","17","1","6"
"<1 years","Tattnall","4","0","0"
"Unknown years","Tattnall","2","0","1"
"01-04 years","Taylor","9","0","0"
"05-09 years","Taylor","6","0","0"
"10-17 years","Taylor","28","0","1"
"18-29 years","Taylor","43","0","0"
"30-39 years","Taylor","20","0","3"
"40-49 years","Taylor","33","1","3"
"50-59 years","Taylor","29","0","6"
"60-69 years","Taylor","25","4","9"
"70-79 years","Taylor","21","2","6"
"80 & Older years","Taylor","13","5","4"
"<1 years","Taylor","1","0","0"
"01-04 years","Telfair","6","0","0"
"05-09 years","Telfair","6","0","0"
"10-17 years","Telfair","9","0","0"
"18-29 years","Telfair","102","0","2"
"30-39 years","Telfair","71","0","1"
"40-49 years","Telfair","76","0","5"
"50-59 years","Telfair","69","3","6"
"60-69 years","Telfair","76","4","13"
"70-79 years","Telfair","52","6","11"
"80 & Older years","Telfair","31","11","6"
"<1 years","Telfair","3","0","0"
"01-04 years","Terrell","4","0","0"
"05-09 years","Terrell","1","0","0"
"10-17 years","Terrell","17","0","0"
"18-29 years","Terrell","39","0","1"
"30-39 years","Terrell","49","0","8"
"40-49 years","Terrell","42","0","7"
"50-59 years","Terrell","58","3","8"
"60-69 years","Terrell","66","9","24"
"70-79 years","Terrell","42","12","19"
"80 & Older years","Terrell","22","8","7"
"01-04 years","Thomas","24","0","0"
"05-09 years","Thomas","24","0","0"
"10-17 years","Thomas","87","0","0"
"18-29 years","Thomas","281","1","11"
"30-39 years","Thomas","235","0","10"
"40-49 years","Thomas","241","4","16"
"50-59 years","Thomas","252","4","21"
"60-69 years","Thomas","223","8","50"
"70-79 years","Thomas","133","21","34"
"80 & Older years","Thomas","88","31","31"
"<1 years","Thomas","4","0","1"
"01-04 years","Tift","18","0","0"
"05-09 years","Tift","36","0","0"
"10-17 years","Tift","129","0","3"
"18-29 years","Tift","506","0","11"
"30-39 years","Tift","297","1","20"
"40-49 years","Tift","304","5","33"
"50-59 years","Tift","256","9","43"
"60-69 years","Tift","182","12","46"
"70-79 years","Tift","141","19","47"
"80 & Older years","Tift","61","17","35"
"<1 years","Tift","9","0","0"
"Unknown years","Tift","3","0","0"
"01-04 years","Toombs","17","0","0"
"05-09 years","Toombs","26","0","0"
"10-17 years","Toombs","115","0","1"
"18-29 years","Toombs","303","0","5"
"30-39 years","Toombs","222","0","1"
"40-49 years","Toombs","216","1","18"
"50-59 years","Toombs","195","5","13"
"60-69 years","Toombs","167","4","32"
"70-79 years","Toombs","128","21","24"
"80 & Older years","Toombs","81","25","18"
"<1 years","Toombs","1","0","0"
"01-04 years","Towns","1","0","0"
"05-09 years","Towns","3","0","0"
"10-17 years","Towns","14","0","0"
"18-29 years","Towns","77","0","2"
"30-39 years","Towns","39","0","1"
"40-49 years","Towns","36","1","3"
"50-59 years","Towns","67","1","5"
"60-69 years","Towns","82","0","5"
"70-79 years","Towns","61","2","15"
"80 & Older years","Towns","48","9","22"
"01-04 years","Treutlen","2","0","0"
"05-09 years","Treutlen","5","0","0"
"10-17 years","Treutlen","22","0","0"
"18-29 years","Treutlen","52","0","1"
"30-39 years","Treutlen","38","0","2"
"40-49 years","Treutlen","53","0","5"
"50-59 years","Treutlen","47","1","5"
"60-69 years","Treutlen","35","2","9"
"70-79 years","Treutlen","31","5","6"
"80 & Older years","Treutlen","17","3","5"
"01-04 years","Troup","84","0","0"
"05-09 years","Troup","92","0","0"
"10-17 years","Troup","202","0","2"
"18-29 years","Troup","675","0","23"
"30-39 years","Troup","491","5","32"
"40-49 years","Troup","419","2","39"
"50-59 years","Troup","432","11","74"
"60-69 years","Troup","304","16","61"
"70-79 years","Troup","146","28","57"
"80 & Older years","Troup","146","44","44"
"<1 years","Troup","25","0","1"
"Unknown years","Troup","3","0","0"
"05-09 years","Turner","3","0","0"
"10-17 years","Turner","10","0","0"
"18-29 years","Turner","46","0","1"
"30-39 years","Turner","67","0","6"
"40-49 years","Turner","48","0","2"
"50-59 years","Turner","64","2","8"
"60-69 years","Turner","45","6","15"
"70-79 years","Turner","26","6","10"
"80 & Older years","Turner","23","10","8"
"<1 years","Turner","1","0","1"
"01-04 years","Twiggs","6","0","0"
"05-09 years","Twiggs","1","0","0"
"10-17 years","Twiggs","14","0","0"
"18-29 years","Twiggs","28","0","1"
"30-39 years","Twiggs","29","1","4"
"40-49 years","Twiggs","31","1","7"
"50-59 years","Twiggs","39","1","8"
"60-69 years","Twiggs","41","1","17"
"70-79 years","Twiggs","21","3","10"
"80 & Older years","Twiggs","6","3","5"
"01-04 years","Union","4","0","0"
"05-09 years","Union","10","0","0"
"10-17 years","Union","29","0","1"
"18-29 years","Union","105","1","1"
"30-39 years","Union","92","0","2"
"40-49 years","Union","106","0","8"
"50-59 years","Union","133","2","8"
"60-69 years","Union","144","2","20"
"70-79 years","Union","139","9","26"
"80 & Older years","Union","116","11","27"
"<1 years","Union","1","0","0"
"Unknown years","Union","1","0","0"
"01-04 years","Unknown","10","0","0"
"05-09 years","Unknown","37","0","0"
"10-17 years","Unknown","139","0","1"
"18-29 years","Unknown","487","0","4"
"30-39 years","Unknown","313","0","3"
"40-49 years","Unknown","276","0","1"
"50-59 years","Unknown","237","2","4"
"60-69 years","Unknown","145","1","6"
"70-79 years","Unknown","99","1","9"
"80 & Older years","Unknown","42","1","4"
"<1 years","Unknown","18","0","0"
"Unknown years","Unknown","95","0","3"
"01-04 years","Upson","17","0","0"
"05-09 years","Upson","21","0","0"
"10-17 years","Upson","48","0","1"
"18-29 years","Upson","127","0","4"
"30-39 years","Upson","87","1","3"
"40-49 years","Upson","104","1","6"
"50-59 years","Upson","135","4","14"
"60-69 years","Upson","122","15","22"
"70-79 years","Upson","93","24","26"
"80 & Older years","Upson","73","25","21"
"<1 years","Upson","3","0","0"
"Unknown years","Upson","2","0","0"
"01-04 years","Walker","11","0","0"
"05-09 years","Walker","29","0","0"
"10-17 years","Walker","147","0","1"
"18-29 years","Walker","329","0","1"
"30-39 years","Walker","246","0","6"
"40-49 years","Walker","298","3","10"
"50-59 years","Walker","251","1","15"
"60-69 years","Walker","236","8","22"
"70-79 years","Walker","150","19","23"
"80 & Older years","Walker","109","12","16"
"<1 years","Walker","9","0","0"
"Unknown years","Walker","26","0","2"
"01-04 years","Walton","16","0","0"
"05-09 years","Walton","39","0","1"
"10-17 years","Walton","162","0","2"
"18-29 years","Walton","450","0","11"
"30-39 years","Walton","342","0","16"
"40-49 years","Walton","333","1","28"
"50-59 years","Walton","379","4","39"
"60-69 years","Walton","241","9","35"
"70-79 years","Walton","193","18","50"
"80 & Older years","Walton","150","36","42"
"<1 years","Walton","4","0","1"
"Unknown years","Walton","1","0","0"
"01-04 years","Ware","41","0","1"
"05-09 years","Ware","37","0","0"
"10-17 years","Ware","122","0","2"
"18-29 years","Ware","346","0","3"
"30-39 years","Ware","274","0","12"
"40-49 years","Ware","213","2","16"
"50-59 years","Ware","239","3","37"
"60-69 years","Ware","172","7","29"
"70-79 years","Ware","150","23","54"
"80 & Older years","Ware","107","28","28"
"<1 years","Ware","8","0","0"
"Unknown years","Ware","13","0","1"
"01-04 years","Warren","4","0","0"
"05-09 years","Warren","1","0","0"
"10-17 years","Warren","9","0","0"
"18-29 years","Warren","25","0","2"
"30-39 years","Warren","25","0","2"
"40-49 years","Warren","21","0","4"
"50-59 years","Warren","30","1","5"
"60-69 years","Warren","21","2","5"
"70-79 years","Warren","16","1","6"
"80 & Older years","Warren","7","1","1"
"<1 years","Warren","2","0","1"
"Unknown years","Warren","2","0","0"
"01-04 years","Washington","10","0","0"
"05-09 years","Washington","9","0","1"
"10-17 years","Washington","51","0","1"
"18-29 years","Washington","143","0","4"
"30-39 years","Washington","116","0","8"
"40-49 years","Washington","155","1","8"
"50-59 years","Washington","104","1","9"
"60-69 years","Washington","91","6","11"
"70-79 years","Washington","51","3","9"
"80 & Older years","Washington","17","2","4"
"<1 years","Washington","7","0","0"
"Unknown years","Washington","2","0","0"
"01-04 years","Wayne","14","0","0"
"05-09 years","Wayne","5","0","0"
"10-17 years","Wayne","58","0","0"
"18-29 years","Wayne","198","1","6"
"30-39 years","Wayne","200","0","3"
"40-49 years","Wayne","230","0","19"
"50-59 years","Wayne","182","3","10"
"60-69 years","Wayne","133","7","28"
"70-79 years","Wayne","128","12","36"
"80 & Older years","Wayne","66","10","12"
"<1 years","Wayne","1","0","0"
"Unknown years","Wayne","6","0","0"
"18-29 years","Webster","9","0","1"
"30-39 years","Webster","3","0","0"
"40-49 years","Webster","7","0","2"
"50-59 years","Webster","10","2","4"
"60-69 years","Webster","9","0","3"
"70-79 years","Webster","3","0","0"
"Unknown years","Webster","2","0","0"
"05-09 years","Wheeler","2","0","0"
"10-17 years","Wheeler","12","0","0"
"18-29 years","Wheeler","35","0","0"
"30-39 years","Wheeler","60","2","2"
"40-49 years","Wheeler","68","1","3"
"50-59 years","Wheeler","75","5","5"
"60-69 years","Wheeler","48","3","5"
"70-79 years","Wheeler","33","2","4"
"80 & Older years","Wheeler","7","1","0"
"<1 years","Wheeler","1","0","0"
"Unknown years","Wheeler","26","2","1"
"01-04 years","White","9","0","0"
"05-09 years","White","14","0","0"
"10-17 years","White","65","0","1"
"18-29 years","White","165","1","4"
"30-39 years","White","122","1","4"
"40-49 years","White","141","1","6"
"50-59 years","White","152","1","14"
"60-69 years","White","138","3","24"
"70-79 years","White","105","4","29"
"80 & Older years","White","71","12","23"
"<1 years","White","4","0","0"
"Unknown years","White","11","0","0"
"01-04 years","Whitfield","67","0","2"
"05-09 years","Whitfield","97","0","1"
"10-17 years","Whitfield","406","0","1"
"18-29 years","Whitfield","1470","0","22"
"30-39 years","Whitfield","870","1","28"
"40-49 years","Whitfield","910","1","38"
"50-59 years","Whitfield","755","10","48"
"60-69 years","Whitfield","400","15","57"
"70-79 years","Whitfield","208","13","42"
"80 & Older years","Whitfield","109","24","27"
"<1 years","Whitfield","29","0","3"
"Unknown years","Whitfield","4","0","0"
"01-04 years","Wilcox","8","0","0"
"05-09 years","Wilcox","1","0","0"
"10-17 years","Wilcox","11","0","0"
"18-29 years","Wilcox","15","0","0"
"30-39 years","Wilcox","19","0","1"
"40-49 years","Wilcox","46","0","11"
"50-59 years","Wilcox","39","0","9"
"60-69 years","Wilcox","63","9","19"
"70-79 years","Wilcox","36","9","8"
"80 & Older years","Wilcox","16","7","4"
"<1 years","Wilcox","1","0","0"
"01-04 years","Wilkes","3","0","0"
"05-09 years","Wilkes","6","0","0"
"10-17 years","Wilkes","28","0","0"
"18-29 years","Wilkes","58","0","0"
"30-39 years","Wilkes","45","0","4"
"40-49 years","Wilkes","44","0","6"
"50-59 years","Wilkes","49","1","2"
"60-69 years","Wilkes","23","0","4"
"70-79 years","Wilkes","24","1","9"
"80 & Older years","Wilkes","10","4","7"
"01-04 years","Wilkinson","4","0","0"
"05-09 years","Wilkinson","7","0","0"
"10-17 years","Wilkinson","11","0","0"
"18-29 years","Wilkinson","61","0","2"
"30-39 years","Wilkinson","48","0","4"
"40-49 years","Wilkinson","38","0","2"
"50-59 years","Wilkinson","73","3","16"
"60-69 years","Wilkinson","73","5","20"
"70-79 years","Wilkinson","31","6","13"
"80 & Older years","Wilkinson","20","3","12"
"01-04 years","Worth","7","0","0"
"05-09 years","Worth","5","0","0"
"10-17 years","Worth","30","0","4"
"18-29 years","Worth","104","0","4"
"30-39 years","Worth","64","0","5"
"40-49 years","Worth","79","1","10"
"50-59 years","Worth","103","4","18"
"60-69 years","Worth","102","12","32"
"70-79 years","Worth","60","8","17"
"80 & Older years","Worth","47","7","12"
"<1 years","Worth","3","0","0"
"Unknown years","Worth","1","0","0"
