"","NAME","source_type","ADM_scale","announcement_board","institution","institution_type","announcement_type","announcement_date","start_date","end_date","announcement_link","gathering_size","public_health_mobilization","notes","access_date","who_by","last_checked"
"1","American Samoa","government","ADM1",NA,NA,"government","first",2020-03-13,NA,NA,"https://6fe16cc8-c42f-411f-9950-4abb1763c703.filesusr.com/ugd/4bfff9_8201b0412f8d4e9ea6f32116ee883b29.pdf",NA,NA,NA,"2020-03-21","ARW","2020-03-21"
"2","Arizona","government","ADM1",NA,NA,"government","close_public_spaces",NA,NA,NA,NA,NA,NA,NA,NA,NA,NA
"3","Alabama","government","ADM1",NA,NA,"government","close_public_spaces",NA,NA,NA,NA,NA,NA,NA,NA,NA,NA
"4","Alaska","government","ADM1",NA,NA,"government","close_public_spaces",NA,NA,NA,NA,NA,NA,NA,NA,NA,NA
"5","Arkansas","government","ADM1",NA,NA,"government","close_public_spaces",NA,NA,NA,NA,NA,NA,NA,NA,NA,NA
"6","California","government","ADM1",NA,NA,"government","close_public_spaces",NA,NA,NA,NA,NA,NA,NA,NA,NA,NA
"7","Colorado","government","ADM1",NA,NA,"government","close_public_spaces",NA,NA,NA,NA,NA,NA,NA,NA,NA,NA
"8","Connecticut","government","ADM1",NA,NA,"government","close_public_spaces",NA,NA,NA,NA,NA,NA,NA,NA,NA,NA
"9","Delaware","government","ADM1",NA,NA,"government","close_public_spaces",NA,NA,NA,NA,NA,NA,NA,NA,NA,NA
"10","Georgia","government","ADM1",NA,NA,"government","close_public_spaces",NA,NA,NA,NA,NA,NA,NA,NA,NA,NA
"11","Idaho","government","ADM1",NA,NA,"government","close_public_spaces",NA,NA,NA,NA,NA,NA,NA,NA,NA,NA
"12","Illinois","government","ADM1",NA,NA,"government","close_public_spaces",NA,NA,NA,NA,NA,NA,NA,NA,NA,NA
"13","Indiana","government","ADM1",NA,NA,"government","close_public_spaces",NA,NA,NA,NA,NA,NA,NA,NA,NA,NA
"14","Iowa","government","ADM1",NA,NA,"government","close_public_spaces",2020-04-06,2020-04-07,2020-04-30,"https://governor.iowa.gov/press-release/gov-reynolds-signs-new-proclamation-continuing-state-public-health-emergency-3",NA,NA,NA,"2020-04-08","ARW","2020-04-08"
"15","Kansas","government","ADM1",NA,NA,"government","close_public_spaces",NA,NA,NA,NA,NA,NA,NA,NA,NA,NA
"16","Kentucky","government","ADM1",NA,NA,"government","close_public_spaces",NA,NA,NA,NA,NA,NA,NA,NA,NA,NA
"17","Louisiana","government","ADM1",NA,"State of Lousiana Executive Department","government","close_public_spaces",2020-03-22,NA,NA,"https://gov.louisiana.gov/assets/Proclamations/2020/JBE-33-2020.pdf",NA,NA,NA,"2020-03-25","ARW","2020-03-25"
"18","Maine","government","ADM1",NA,NA,"government","close_public_spaces",NA,NA,NA,NA,NA,NA,NA,NA,NA,NA
"19","Maryland","government","ADM1",NA,NA,"government","close_public_spaces",NA,NA,NA,NA,NA,NA,NA,NA,NA,NA
"20","Michigan","government","ADM1",NA,NA,"government","close_public_spaces",2020-03-22,2020-03-22,2020-04-13,"https://www.michigan.gov/whitmer/0,9309,7-387-90499_90705-522576--,00.html",NA,NA,NA,"2020-03-21","ARW","2020-03-21"
"21","Minnesota","government","ADM1",NA,NA,"government","close_public_spaces",2020-04-08,2020-04-08,2020-05-03,"https://www.documentcloud.org/documents/6827869-Minnesota-executive-order-20-33-Final.html",NA,NA,NA,"2020-04-10","DMO","2020-04-10"
"22","Mississippi","government","ADM1",NA,NA,"government","close_public_spaces",NA,NA,NA,NA,NA,NA,NA,NA,NA,NA
"23","Missouri","government","ADM1",NA,NA,"government","close_public_spaces",NA,NA,NA,NA,NA,NA,NA,NA,NA,NA
"24","Nevada","government","ADM1",NA,NA,"government","close_public_spaces",NA,NA,NA,NA,NA,NA,NA,NA,NA,NA
"25","New Hampshire","government","ADM1",NA,NA,"government","close_public_spaces",NA,NA,NA,NA,NA,NA,NA,NA,NA,NA
"26","New Jersey","government","ADM1",NA,NA,"government","close_public_spaces",NA,NA,NA,NA,NA,NA,NA,NA,NA,NA
"27","New York","government","ADM1",NA,NA,"government","close_public_spaces",NA,NA,NA,NA,NA,NA,NA,NA,NA,NA
"28","North Carolina","government","ADM1",NA,NA,"government","close_public_spaces",NA,NA,NA,NA,NA,NA,NA,NA,NA,NA
"29","North Dakota","government","ADM1",NA,NA,"government","close_public_spaces",NA,NA,NA,NA,NA,NA,NA,NA,NA,NA
"30","Ohio","government","ADM1",NA,NA,"government","close_public_spaces",NA,NA,NA,NA,NA,NA,NA,NA,NA,NA
"31","Oklahoma","government","ADM1",NA,NA,"government","close_public_spaces",NA,NA,NA,NA,NA,NA,NA,NA,NA,NA
"32","Oregon","government","ADM1",NA,NA,"government","close_public_spaces",NA,NA,NA,NA,NA,NA,NA,NA,NA,NA
"33","Pennsylvania","government","ADM1",NA,NA,"government","close_public_spaces",NA,NA,NA,NA,NA,NA,NA,NA,NA,NA
"34","Rhode Island","government","ADM1",NA,NA,"government","close_public_spaces",NA,NA,NA,NA,NA,NA,NA,NA,NA,NA
"35","South Carolina","government","ADM1",NA,NA,"government","close_public_spaces",NA,NA,NA,NA,NA,NA,NA,NA,NA,NA
"36","South Dakota","government","ADM1",NA,NA,"government","close_public_spaces",NA,NA,NA,NA,NA,NA,NA,NA,NA,NA
"37","Tennessee","government","ADM1",NA,NA,"government","close_public_spaces",NA,NA,NA,NA,NA,NA,NA,NA,NA,NA
"38","Texas","government","ADM1",NA,NA,"government","close_public_spaces",NA,NA,NA,NA,NA,NA,NA,NA,NA,NA
"39","USA","government","ADM0",NA,NA,"government","close_public_spaces",NA,NA,NA,NA,NA,NA,NA,NA,NA,NA
"40","Utah","government","ADM1",NA,NA,"government","close_public_spaces",NA,NA,NA,NA,NA,NA,NA,NA,NA,NA
"41","Vermont","government","ADM1",NA,NA,"government","close_public_spaces",NA,NA,NA,NA,NA,NA,NA,NA,NA,NA
"42","Virginia","government","ADM1",NA,NA,"government","close_public_spaces",NA,NA,NA,NA,NA,NA,NA,NA,NA,NA
"43","Washington","government","ADM1",NA,NA,"government","close_public_spaces",NA,NA,NA,NA,NA,NA,NA,NA,NA,NA
"44","West Virginia","government","ADM1",NA,NA,"government","close_public_spaces",NA,NA,NA,NA,NA,NA,NA,NA,NA,NA
"45","Wisconsin","government","ADM1",NA,NA,"government","close_public_spaces",NA,NA,NA,NA,NA,NA,NA,NA,NA,NA
"46","Wyoming","government","ADM1",NA,NA,"government","close_public_spaces",NA,NA,NA,NA,NA,NA,NA,NA,NA,NA
"47","Alabama","government","ADM1",NA,"The Office of the Alabama Governor","government","first",NA,NA,NA,NA,NA,NA,NA,NA,NA,NA
"48","Alaska","government","ADM1",NA,"The Office of the Alaska Governor","government","first",NA,NA,NA,NA,NA,NA,NA,NA,NA,NA
"49","Arizona","government","ADM1",NA,NA,"government","first",NA,NA,NA,NA,NA,NA,NA,NA,NA,NA
"50","American Samoa","government","ADM1",NA,NA,"government","first",2020-03-13,NA,NA,"https://6fe16cc8-c42f-411f-9950-4abb1763c703.filesusr.com/ugd/4bfff9_8201b0412f8d4e9ea6f32116ee883b29.pdf",NA,NA,NA,"2020-03-21","ARW","2020-03-21"
"51","Arkansas","government","ADM1",NA,NA,"government","first",NA,NA,NA,NA,NA,NA,NA,NA,NA,NA
"52","California","government","ADM1",NA,NA,"government","first",NA,NA,NA,NA,NA,NA,NA,NA,"ARW",NA
"53","Colorado","government","ADM1",NA,NA,"government","first",NA,NA,NA,NA,NA,NA,NA,NA,NA,NA
"54","Connecticut","government","ADM1",NA,NA,"government","first",NA,NA,NA,NA,NA,NA,NA,NA,NA,NA
"55","Delaware","government","ADM1",NA,NA,"government","first",NA,NA,NA,NA,NA,NA,NA,NA,NA,NA
"56","Georgia","government","ADM1",NA,"Executive Order of the Govenor","government","first",2020-02-28,NA,NA,"https://gov.georgia.gov/executive-action/executive-orders/2020-executive-orders",NA,NA,NA,"2020-03-21","ARW","2020-03-21"
"57","Guam","government","ADM1",NA,NA,"government","first",NA,NA,NA,NA,NA,NA,NA,NA,NA,NA
"58","Idaho","government","ADM1",NA,"Idaho Office of the Governor","government","first",2020-03-04,NA,NA,"https://gov.idaho.gov/pressrelease/governors-message-on-coronavirus-idaho-is-prepared-do-your-part-to-prevent-spread/",NA,NA,NA,"2020-03-22","ARW","2020-03-22"
"59","Maine","government","ADM1",NA,NA,"government","first",NA,NA,NA,NA,NA,NA,NA,NA,NA,NA
"60","Maryland","government","ADM1",NA,NA,"government","first",NA,NA,NA,NA,NA,NA,NA,"2020-03-22","ARW","2020-03-22"
"61","Michigan","government","ADM1",NA,NA,"government","first",NA,NA,NA,NA,NA,NA,NA,"2020-03-22","ARW","2020-03-22"
"62","Minnesota","government","ADM1",NA,NA,"government","first",NA,NA,NA,NA,NA,NA,NA,NA,"ARW",NA
"63","Mississippi","government","ADM1",NA,NA,"government","first",NA,NA,NA,NA,NA,NA,NA,NA,NA,NA
"64","Missouri","government","ADM1",NA,NA,"government","first",NA,NA,NA,NA,NA,NA,NA,NA,NA,NA
"65","Nevada","government","ADM1",NA,NA,"government","first",NA,NA,NA,NA,NA,NA,NA,NA,NA,NA
"66","New Hampshire","government","ADM1",NA,NA,"government","first",NA,NA,NA,NA,NA,NA,NA,NA,NA,NA
"67","New Jersey","government","ADM1",NA,NA,"government","first",NA,NA,NA,NA,NA,NA,NA,NA,NA,NA
"68","New York","government","ADM1",NA,NA,"government","first",NA,NA,NA,NA,NA,NA,NA,NA,NA,NA
"69","North Carolina","government","ADM1",NA,NA,"government","first",NA,NA,NA,NA,NA,NA,NA,NA,NA,NA
"70","North Dakota","government","ADM1",NA,NA,"government","first",NA,NA,NA,NA,NA,NA,NA,NA,NA,NA
"71","Northern Mariana Islands","government","ADM1",NA,NA,"government","first",NA,NA,NA,NA,NA,NA,NA,NA,NA,NA
"72","Ohio","government","ADM1",NA,NA,"government","first",NA,NA,NA,NA,NA,NA,NA,NA,NA,NA
"73","Oklahoma","government","ADM1",NA,NA,"government","first",NA,NA,NA,NA,NA,NA,NA,NA,NA,NA
"74","Oregon","government","ADM1",NA,NA,"government","first",NA,NA,NA,NA,NA,NA,NA,NA,NA,NA
"75","Pennsylvania","government","ADM1",NA,NA,"government","first",2020-02-28,NA,NA,"https://www.education.pa.gov/Schools/safeschools/emergencyplanning/COVID-19/messages/Pages/February28.aspx",NA,NA,NA,"2020-03-21","ARW","2020-03-21"
"76","Puerto Rico","government","ADM1",NA,NA,"government","first",NA,NA,NA,NA,NA,NA,NA,NA,NA,NA
"77","Rhode Island","government","ADM1",NA,NA,"government","first",NA,NA,NA,NA,NA,NA,NA,NA,NA,NA
"78","South Carolina","government","ADM1",NA,NA,"government","first",NA,NA,NA,NA,NA,NA,NA,NA,NA,NA
"79","South Dakota","government","ADM1",NA,NA,"government","first",NA,NA,NA,NA,NA,NA,NA,NA,NA,NA
"80","Tennessee","government","ADM1",NA,NA,"government","first",NA,NA,NA,NA,NA,NA,NA,NA,NA,NA
"81","Texas","government","ADM1",NA,NA,"government","first",NA,NA,NA,NA,NA,NA,NA,NA,NA,NA
"82","USA","government","ADM0",NA,NA,"government","first",NA,NA,NA,NA,NA,NA,NA,NA,NA,NA
"83","Utah","government","ADM1",NA,NA,"government","first",NA,NA,NA,NA,NA,NA,NA,NA,NA,NA
"84","Vermont","government","ADM1",NA,NA,"government","first",NA,NA,NA,NA,NA,NA,NA,NA,NA,NA
"85","Virgin Islands (U.S)","government","ADM1",NA,NA,"government","first",NA,NA,NA,NA,NA,NA,NA,NA,NA,NA
"86","Virginia","government","ADM1",NA,NA,"government","first",NA,NA,NA,NA,NA,NA,NA,NA,NA,NA
"87","Washington","government","ADM1",NA,NA,"government","first",NA,NA,NA,NA,NA,NA,NA,NA,NA,NA
"88","West Virginia","government","ADM1",NA,NA,"government","first",NA,NA,NA,NA,NA,NA,NA,NA,NA,NA
"89","Wisconsin","government","ADM1",NA,NA,"government","first",NA,NA,NA,NA,NA,NA,NA,NA,NA,NA
"90","Wyoming","government","ADM1",NA,NA,"government","first",NA,NA,NA,NA,NA,NA,NA,NA,NA,NA
"91","Alabama","government","ADM1",NA,"The Office of the Alabama Governor","government","gathering_size_limited",NA,NA,NA,NA,NA,NA,NA,NA,"DMO","2020-03-21"
"92","Alaska","government","ADM1",NA,"The Office of the Alaska Governor","government","gathering_size_limited",NA,NA,NA,NA,NA,NA,NA,NA,"DMO","2020-03-21"
"93","American Samoa","government","ADM1",NA,NA,"government","gathering_size_limited",NA,NA,NA,NA,NA,NA,NA,NA,NA,NA
"94","Arizona","government","ADM1",NA,NA,"government","gathering_size_limited",NA,NA,NA,NA,NA,NA,NA,NA,"DMO","2020-03-21"
"95","Arkansas","government","ADM1","https://portal.arkansas.gov/news/",NA,"government","gathering_size_limited",NA,NA,NA,"https://www.healthy.arkansas.gov/programs-services/topics/novel-coronavirus",NA,NA,NA,NA,"DMO","2020-03-21"
"96","California","government","ADM1",NA,"California Department of Public Health","government","gathering_size_limited",2020-03-11,2020-03-13,2020-03-31,"https://www.cdph.ca.gov/Programs/CID/DCDC/CDPH%20Document%20Library/Gathering_Guidance_03.11.20.pdf","250",NA,NA,"2020-03-22","ARW","2020-03-22"
"97","Colorado","government","ADM1",NA,NA,"government","gathering_size_limited",NA,NA,NA,NA,NA,NA,NA,NA,"DMO","2020-03-18"
"98","Connecticut","government","ADM1",NA,"Governor of the State of Conneticut","government","gathering_size_limited",2020-03-12,2020-03-12,2020-04-30,"https://portal.ct.gov/-/media/Office-of-the-Governor/Executive-Orders/Lamont-Executive-Orders/Executive-Order-No-7.pdf","250",NA,NA,"2020-03-22","ARW","2020-03-22"
"99","Connecticut","government","ADM1",NA,"Governor of the State of Conneticut","government","gathering_size_limited",NA,NA,NA,"https://portal.ct.gov/-/media/Office-of-the-Governor/Executive-Orders/Lamont-Executive-Orders/Executive-Order-No-7D.pdf","50",NA,NA,"2020-03-22","ARW","2020-03-22"
"100","Delaware","government","ADM1",NA,NA,"government","gathering_size_limited",NA,NA,NA,NA,NA,NA,NA,NA,"DMO","2020-03-18"
"101","District of Columbia","government","ADM1",NA,NA,"government","gathering_size_limited",2020-03-16,2020-03-16,2020-03-31,"https://mayor.dc.gov/sites/default/files/dc/sites/mayormb/publication/attachments/MO-Prohibition-on-Mass-Gatherings-During-Public-Health-Emergency.pdf","50",NA,NA,"2020-03-18","ARW","2020-03-18"
"102","Florida","government","ADM1",NA,NA,"government","gathering_size_limited",NA,NA,NA,NA,NA,NA,NA,NA,"DMO","2020-03-18"
"103","Georgia","government","ADM1",NA,"Executive Order of the Govenor","government","gathering_size_limited",2020-03-23,2020-03-24,2020-04-06,"https://gov.georgia.gov/executive-action/executive-orders/2020-executive-orders","10",NA,NA,"2020-03-23","ARW","2020-03-23"
"104","Guam","government","ADM1",NA,NA,"government","gathering_size_limited",2020-03-16,2020-03-16,2020-03-30,"http://dphss.guam.gov/wp-content/uploads/2020/03/EO-2020-05-Relative-to-Mandating-Social-Isolation-Lifting-Restrictions-on-Health-Care-Licensure-and-Clarifying-Status-of-Non-Essential-Government-of-Guam-Operations.pdf.pdf.pdf.pdf",NA,NA,NA,"2020-03-19","ARW",NA
"105","Hawaii","government","ADM1",NA,"Governor's Office of the State of Hawai'i","government","gathering_size_limited",2020-03-17,NA,NA,"https://governor.hawaii.gov/newsroom/latest-news/proper-use-of-covid-19-tests-imperative-there-is-a-current-shortage-of-hand-sanitizers-and-toilet-paper-in-hawaii-in-part-because-of-the-publics-over-reaction-to-covid-19-the-hawai/","10",NA,NA,"2020-03-22","ARW","2020-03-22"
"106","Idaho","government","ADM1",NA,"Idaho Office of the Governor","government","gathering_size_limited",2020-03-18,2020-03-18,2020-03-30,"https://gov.idaho.gov/pressrelease/idaho-adopts-latest-federal-guidance-to-prevent-coronavirus-spread/","10",NA,"end date take from ""15 days to slow the spread"" campaign","2020-03-22","ARW","2020-03-22"
"107","Illinois","government","ADM1",NA,"Office of the Governor of Illinois","government","gathering_size_limited",2020-03-13,2020-03-13,NA,"https://www2.illinois.gov/Documents/ExecOrders/2020/ExecutiveOrder-2020-04.pdf","1000",NA,NA,"2020-03-22","ARW","2020-03-22"
"108","Illinois","government","ADM1",NA,"Office of the Governor of Illinois","government","gathering_size_limited",2020-03-16,2020-03-18,NA,"https://www2.illinois.gov/Documents/ExecOrders/2020/ExecutiveOrder-2020-07.pdf","50",NA,NA,"2020-03-22","ARW","2020-03-22"
"109","Illinois","government","ADM1",NA,"Office of the Governor of Illinois","government","gathering_size_limited",2020-03-20,2020-03-21,NA,NA,"10",NA,NA,"2020-03-22","ARW","2020-03-22"
"110","Indiana","government","ADM1",NA,"State of Indiana Executive Department","government","gathering_size_limited",2020-03-16,NA,NA,NA,NA,NA,"to follow CDC guidelines","2020-03-25","ARW","2020-03-25"
"111","Iowa","government","ADM1",NA,NA,"government","gathering_size_limited",2020-04-06,2020-04-06,2020-04-30,"https://governor.iowa.gov/sites/default/files/documents/Public%20Health%20Proclamation%20-%202020.04.06.pdf","10",NA,NA,"2020-04-07","ARW","2020-04-07"
"112","Kansas","government","ADM1",NA,NA,"government","gathering_size_limited",2020-03-16,2020-03-16,NA,"https://www.leavenworthtimes.com/news/20200316/kelly-imposes-cdc-limit-of-50-people-at-gatherings-kansas-documents-11-cases","50",NA,NA,"2020-03-16","DMO","2020-03-21"
"113","Kentucky","government","ADM1",NA,NA,"government","gathering_size_limited",NA,NA,NA,NA,NA,NA,NA,NA,"DMO","2020-03-18"
"114","Louisiana","government","ADM1",NA,NA,"government","gathering_size_limited",2020-03-13,NA,NA,"https://gov.louisiana.gov/index.cfm/newsroom/detail/2403","250",NA,NA,"2020-03-18","DMO","2020-03-18"
"115","Maine","government","ADM1",NA,NA,"government","gathering_size_limited",NA,NA,NA,NA,NA,NA,NA,NA,"ARW","2020-03-18"
"116","Maryland","government","ADM1",NA,NA,"government","gathering_size_limited",2020-03-12,NA,NA,"https://www.nbcwashington.com/news/local/maryland-to-close-public-schools-gatherings-of-more-than-250-people-banned/2239127/","250",NA,NA,"2020-03-18","TCO","2020-03-18"
"117","Maryland","government","ADM1",NA,NA,"government","gathering_size_limited",2020-03-16,NA,NA,"https://www.baltimoresun.com/coronavirus/bs-md-hogan-coronavirus-actions-20200316-lnp646cuxnbbxo4ftha6tmvo4m-story.html","50",NA,NA,"2020-03-18","TCO","2020-03-18"
"118","Massachusetts","government","ADM1",NA,NA,"government","gathering_size_limited",2020-03-15,NA,NA,"https://www.wcvb.com/article/gov-charlie-baker-massachusetts-covid-19-coronavirus-update-march-15-2020/31647097#","25",NA,NA,"2020-03-18","TCO","2020-03-18"
"119","Michigan","government","ADM1",NA,NA,"government","gathering_size_limited",2020-03-13,2020-03-13,NA,"https://www.uppermichiganssource.com/content/news/Gov-Whitmer-orders-temporary-prohibition-of-large-gatherings-events--568773101.html","250",NA,NA,"2020-03-18","TCO","2020-03-18"
"120","Michigan","government","ADM1",NA,NA,"government","gathering_size_limited",2020-03-16,2020-03-17,NA,"https://www.uppermichiganssource.com/content/news/Gov-Whitmer-orders-temporary-prohibition-of-large-gatherings-events--568773101.html","50",NA,NA,"2020-03-18","TCO","2020-03-18"
"121","Minnesota","government","ADM1",NA,NA,"government","gathering_size_limited",NA,NA,NA,NA,NA,NA,NA,NA,"TCO","2020-03-18"
"122","Mississippi","government","ADM1",NA,NA,"government","gathering_size_limited",2020-03-17,2020-03-17,2020-05-17,"https://www.msema.org/news/mississippi-supreme-court-signs-emergency-order-in-response-to-covid-19/",NA,NA,NA,"2020-03-18","ARW","2020-03-18"
"123","Missouri","government","ADM1",NA,"State of Missouri Executive Department","government","gathering_size_limited",2020-03-15,NA,NA,"https://governor.mo.gov/press-releases/archive/governor-parsons-statement-regarding-cdc-recommendations-mass-gatherings-and","50",NA,NA,"2020-03-18","ARW","2020-03-18"
"124","Missouri","government","ADM1",NA,"State of Missouri Executive Department","government","gathering_size_limited",2020-03-21,2020-03-23,2020-04-06,"https://governor.mo.gov/press-releases/archive/governor-parson-directs-dhss-director-require-social-distancing-statewide","10",NA,NA,"2020-03-25","ARW","2020-03-25"
"125","Montana","government","ADM1",NA,NA,"government","gathering_size_limited",NA,NA,NA,NA,NA,NA,NA,NA,"ARW","2020-03-18"
"126","Nebraska","government","ADM1",NA,NA,"government","gathering_size_limited",2020-03-13,NA,NA,"https://www.dropbox.com/s/q3c2qjc1d0gpe4d/COVID-19%20Events%2C%20Public%20Gatherings%2C%20and%20Schools%20Guidance.pdf?dl=0","250",NA,NA,"2020-03-18","ARW","2020-03-18"
"127","Nebraska","government","ADM1",NA,NA,"government","gathering_size_limited",2020-03-16,NA,NA,"https://governor.nebraska.gov/press/gov-ricketts-further-limits-events-gatherings-prevent-covid-19-spread","50",NA,NA,"2020-03-18","ARW","2020-03-18"
"128","Nevada","government","ADM1",NA,NA,"government","gathering_size_limited",2020-03-17,NA,NA,"https://nvhealthresponse.nv.gov/wp-content/uploads/2020/03/NV-Health-Response-COVID19.pdf","2",NA,"all gatherings with non-household individuals prohibited","2020-03-18","ARW","2020-03-18"
"129","New Hampshire","government","ADM1",NA,NA,"government","gathering_size_limited",2020-03-16,2020-03-16,2020-04-07,"https://www.governor.nh.gov/news-media/press-2020/20200316-covid-10-businesses.htm","50",NA,NA,"2020-03-18","ARW","2020-03-18"
"130","New Jersey","government","ADM1",NA,NA,"government","gathering_size_limited",2020-03-16,2020-03-16,NA,"https://www.nj.gov/governor/news/news/562020/approved/20200316c.shtml","50",NA,NA,"2020-03-18","ARW","2020-03-18"
"131","New Mexico","government","ADM1",NA,NA,"government","gathering_size_limited",NA,NA,NA,NA,NA,NA,NA,NA,"ARW","2020-03-18"
"132","New York","government","ADM1",NA,NA,"government","gathering_size_limited",2020-03-12,2020-03-13,NA,"https://www.governor.ny.gov/news/during-novel-coronavirus-briefing-governor-cuomo-announces-new-mass-gatherings-regulations","500",NA,NA,"2020-03-18","TCO","2020-03-18"
"133","North Carolina","government","ADM1",NA,NA,"government","gathering_size_limited",2020-03-14,2020-03-16,2020-03-30,"https://files.nc.gov/governor/documents/files/EO117-COVID-19-Prohibiting-Mass-Gathering-and-K12-School-Closure.pdf","100",NA,NA,"2020-03-18","ARW","2020-03-18"
"134","North Dakota","government","ADM1",NA,NA,"government","gathering_size_limited",NA,NA,NA,NA,NA,NA,NA,NA,"TCO","2020-03-18"
"135","Northern Mariana Islands","government","ADM1",NA,NA,"government","gathering_size_limited",NA,NA,NA,NA,NA,NA,NA,NA,NA,NA
"136","Ohio","government","ADM1",NA,NA,"government","gathering_size_limited",2020-03-12,2020-03-12,NA,"https://ohio.gov/wps/portal/gov/site/media-center/news-and-events/bans-mass-gatherings-of-100-or-more","100",NA,NA,"2020-03-18","ARW","2020-03-18"
"137","Oklahoma","government","ADM1",NA,NA,"government","gathering_size_limited",NA,NA,NA,NA,NA,NA,NA,NA,"TCO","2020-03-18"
"138","Oregon","government","ADM1",NA,"Office of the Governor of the State of Oregon","government","gathering_size_limited",2020-03-12,2020-03-16,NA,"https://www.oregon.gov/gov/Documents/executive_orders/eo_20-05.pdf","250",NA,NA,"2020-03-21","ARW","2020-03-21"
"139","Oregon","government","ADM1",NA,"Office of the Governor of the State of Oregon","government","gathering_size_limited",2020-03-16,2020-03-17,NA,"https://www.oregon.gov/gov/Documents/executive_orders/eo_20-07.pdf","25",NA,NA,"2020-03-21","ARW","2020-03-21"
"140","Pennsylvania","government","ADM1",NA,NA,"government","gathering_size_limited",NA,NA,NA,NA,NA,NA,NA,NA,"TCO","2020-03-18"
"141","Puerto Rico","government","ADM1",NA,NA,"government","gathering_size_limited",NA,NA,NA,NA,NA,NA,NA,NA,NA,NA
"142","Rhode Island","government","ADM1",NA,NA,"government","gathering_size_limited",2020-03-17,NA,NA,"https://www.providencejournal.com/news/20200316/raimondo-shutting-dine-in-restaurants-bars-for-2-weeks-rsquocommunity-spreadrsquo-of-virus-now-seen-in-ri","25",NA,NA,"2020-03-18","TCO","2020-03-18"
"143","South Carolina","government","ADM1",NA,NA,"government","gathering_size_limited",2020-03-17,NA,NA,"https://www.wfae.org/post/sc-governor-places-restrictions-bars-and-restaurants-slow-coronavirus-spread","25",NA,NA,"2020-03-18","TCO","2020-03-18"
"144","South Dakota","government","ADM1",NA,"State of South Dakota Office of the Governor","government","gathering_size_limited",2020-03-23,NA,NA,"https://sdsos.gov/general-information/executive-actions/executive-orders/assets/2020-08.PDF","10",NA,NA,"2020-03-27","ARW","2020-03-27"
"145","Tennessee","government","ADM1",NA,NA,"government","gathering_size_limited",2020-03-22,NA,NA,"https://publications.tnsosfiles.com/pub/execorders/exec-orders-lee17.pdf","10",NA,NA,"2020-03-25","ARW","2020-03-25"
"146","Texas","government","ADM1",NA,"Governor of the State of Texas","government","gathering_size_limited",2020-03-19,2020-03-20,2020-04-03,"https://gov.texas.gov/uploads/files/press/EO-GA_08_COVID-19_preparedness_and_mitigation_FINAL_03-19-2020_1.pdf","10",NA,NA,"2020-03-21","ARW","2020-03-21"
"147","USA","government","ADM0",NA,"The White House","government","gathering_size_limited",2020-03-15,NA,NA,"https://www.whitehouse.gov/wp-content/uploads/2020/03/03.16.20_coronavirus-guidance_8.5x11_315PM.pdf","10",NA,NA,"2020-03-21","ARW","2020-03-21"
"148","Utah","news","ADM1",NA,NA,"government","gathering_size_limited",2020-03-12,NA,NA,"https://www.deseret.com/utah/2020/3/12/21176793/coronavirus-covid-19-lds-mormon-church-utah-gatherings-schools-closed-online-herbert","100",NA,NA,"2020-03-18","TCO","2020-03-18"
"149","Vermont","news","ADM1",NA,NA,"government","gathering_size_limited",2020-03-15,NA,NA,"https://www.sevendaysvt.com/OffMessage/archives/2020/03/13/governor-scott-declares-state-of-emergency-in-vermont","250",NA,NA,"2020-03-18","TCO","2020-03-18"
"150","Vermont","news","ADM1",NA,NA,"government","gathering_size_limited",2020-03-16,NA,NA,"https://vtdigger.org/2020/03/16/vermont-now-up-to-12-coronavirus-cases-scott-administration-says/","50",NA,NA,"2020-03-18","TCO","2020-03-18"
"151","Virgin Islands (U.S)","government","ADM1",NA,NA,"government","gathering_size_limited",NA,NA,NA,NA,NA,NA,NA,NA,NA,NA
"152","Virginia","news","ADM1",NA,NA,"government","gathering_size_limited",2020-03-17,NA,NA,"https://wtop.com/coronavirus/2020/03/maryland-virginia-sees-jump-in-coronavirus-cases/","10",NA,NA,"2020-03-18","TCO",NA
"153","Washington","news","ADM1",NA,NA,"government","gathering_size_limited",2020-03-13,NA,NA,"https://www.seattletimes.com/education-lab/inslee-announces-all-washington-k-12-schools-to-close-in-an-effort-to-slow-the-spread-of-coronavirus/","250",NA,NA,"2020-03-18","TCO",NA
"154","West Virginia","government","ADM1",NA,NA,"government","gathering_size_limited",NA,NA,NA,NA,NA,NA,NA,NA,"TCO","2020-03-18"
"155","Wisconsin","government","ADM1",NA,NA,"government","gathering_size_limited",NA,NA,NA,NA,NA,NA,NA,NA,"TCO","2020-03-18"
"156","Wyoming","government","ADM1",NA,NA,"government","gathering_size_limited",NA,NA,NA,NA,NA,NA,NA,NA,"TCO","2020-03-18"
"157","Guam","government","ADM1",NA,NA,"government","mandatory_traveler_quarantine",2020-03-18,NA,NA,"http://dphss.guam.gov/wp-content/uploads/2020/03/JIC-Release-No.-11-Travel-Guidance-and-Quarantine-Protocol-in-Accordance-with-Governor%E2%80%99s-Executive-Order.docx.pdf.pdf",NA,NA,NA,"2020-03-19","ARW",NA
"158","Hawaii","government","ADM1",NA,"Governor's Office of the State of Hawai'i","government","mandatory_traveler_quarantine",2020-03-21,2020-03-26,NA,"https://governor.hawaii.gov/newsroom/latest-news/governors-office-news-release-gov-ige-orders-mandatory-14-day-quarantine-for-all-individuals-arriving-or-returning-to-the-state-of-hawai%ca%bbi/",NA,NA,NA,"2020-03-22","ARW","2020-03-22"
"159","Northern Mariana Islands","government","ADM1",NA,NA,"government","mandatory_traveler_quarantine",NA,NA,NA,NA,NA,NA,NA,NA,NA,NA
"160","Virgin Islands (U.S)","government","ADM1",NA,NA,"government","mandatory_traveler_quarantine",NA,NA,NA,NA,NA,NA,NA,NA,NA,NA
"161","Alabama","government","ADM1",NA,"The Office of the Alabama Governor","government","non-contact school",2020-03-13,2020-03-18,2020-04-06,"https://www.alabamanews.net/2020/03/13/all-alabama-public-schools-will-be-closed-for-more-than-two-weeks-beginning-march-18/",NA,NA,NA,"2020-03-18","DMO","2020-03-21"
"162","Alaska","government","ADM1",NA,"The Office of the Alaska Governor","government","non-contact school",2020-03-13,2020-03-16,2020-03-30,"http://dhss.alaska.gov/News/Documents/press/2020/SOA_03132020_COVID-19_HealthMandate.pdf",NA,NA,NA,"2020-03-18","DMO","2020-03-21"
"163","American Samoa","government","ADM1",NA,"Office of the Governor American Samoa Government","government","non-contact school",2020-03-18,NA,NA,"https://6fe16cc8-c42f-411f-9950-4abb1763c703.filesusr.com/ugd/4bfff9_cb729fc321ce409cbb5b8557ab7281a0.pdf",NA,NA,NA,"2020-04-08","ARW","2020-04-08"
"164","Arizona","government","ADM1",NA,"The Office of the Arizona Governor","government","non-contact school",2020-03-15,2020-03-16,2020-03-30,"https://www.ktuu.com/content/news/Governor-announces-closure-of-dine-in-food-service-due-to-coronavirus-568887821.html",NA,NA,NA,"2020-03-18","DMO","2020-03-21"
"165","Arkansas","government","ADM1",NA,"Arkansas Department of Education","government","non-contact school",2020-03-19,2020-03-19,2020-04-17,"http://dese.ade.arkansas.gov/public/userfiles/news/2020/All_Arkansas_Public_Schools_to_Remain_Closed.pdf",NA,NA,NA,"2020-03-21","ARW","2020-03-21"
"166","California","government","ADM1",NA,"California Department of Education; California Department of Public Health","government","non-contact school",2020-03-07,2020-03-16,NA,"https://www.cdph.ca.gov/Programs/CID/DCDC/CDPH%20Document%20Library/School%20Guidance_ADA%20Compliant_FINAL.pdf",NA,NA,"dynamic policy starts on March 7th; further county breakdowns here https://edsource.org/2020/california-k-12-schools-closed-due-to-the-coronavirus/624984",NA,"ARW","2020-03-18"
"167","Colorado","government","ADM1",NA,"Governor of the State of Colorado","government","non-contact school",2020-03-18,2020-03-23,2020-04-17,"https://drive.google.com/file/d/1ecMEQj3F3qeEl3qNMtLkAlk3ya3FbVH3/view",NA,NA,NA,NA,"DMO","2020-03-18"
"168","Connecticut","government","ADM1",NA,"Governor of the State of Conneticut","government","non-contact school",2020-03-15,2020-03-17,2020-03-31,"https://portal.ct.gov/-/media/Office-of-the-Governor/Executive-Orders/Lamont-Executive-Orders/Executive-Order-No-7C.pdf",NA,NA,NA,"2020-03-22","ARW","2020-03-22"
"169","Delaware","government","ADM1",NA,NA,"government","non-contact school",2020-03-13,2020-03-16,2020-03-27,"https://governor.delaware.gov/wp-content/uploads/sites/24/2020/03/School-Letter-Governor-Carney-03132020.pdf",NA,NA,NA,"2020-03-21","DMO","2020-03-21"
"170","District of Columbia","government","ADM1",NA,NA,"government","non-contact school",2020-03-11,2020-03-16,2020-03-16,"https://dc.gov/release/dc-public-schools-schedule-change-%E2%80%93-week-march-16",NA,NA,NA,"2020-03-18","ARW","2020-03-18"
"171","District of Columbia","government","ADM1",NA,NA,"government","non-contact school",2020-03-15,2020-03-16,2020-03-31,"https://dc.gov/release/during-modified-dc-government-operations-many-services-still-operating",NA,NA,NA,"2020-03-18","ARW","2020-03-18"
"172","Florida","government","ADM1",NA,NA,"government","non-contact school",2020-03-14,2020-03-16,2020-04-15,"http://www.fldoe.org/em-response/index.stml",NA,NA,"public health emergency on the 1st",NA,"DMO","2020-03-18"
"173","Georgia","government","ADM1",NA,"Executive Order of the Govenor","government","non-contact school",2020-03-16,2020-03-18,2020-03-31,"https://gov.georgia.gov/executive-action/executive-orders/2020-executive-orders",NA,NA,NA,"2020-03-21","ARW","2020-03-21"
"174","Guam","government","ADM1",NA,NA,"government","non-contact school",2020-03-16,2020-03-16,2020-03-30,"http://dphss.guam.gov/wp-content/uploads/2020/03/EO-2020-05-Relative-to-Mandating-Social-Isolation-Lifting-Restrictions-on-Health-Care-Licensure-and-Clarifying-Status-of-Non-Essential-Government-of-Guam-Operations.pdf.pdf.pdf.pdf",NA,NA,NA,"2020-03-19","ARW",NA
"175","Hawaii","government","ADM1",NA,"Hawai'i Department of Education","government","non-contact school",2020-03-18,2020-03-19,2020-04-07,"http://www.hawaiipublicschools.org/ConnectWithUs/MediaRoom/PressReleases/Pages/HIDOE-employees-to-begin-remote-work-March-19,-schools-to-close-March-30.aspx",NA,NA,"Hawai'i public schools were on spring break before this - so it was simply extend","2020-03-22","ARW","2020-03-22"
"176","Idaho","government","ADM1",NA,"Idaho Board of Education","government","non-contact school",2020-03-23,2020-03-23,2020-04-20,"https://boardofed.idaho.gov/resources/covid-19-school-operations-guidance/",NA,NA,NA,"2020-03-25","ARW","2020-03-25"
"177","Illinois","government","ADM1",NA,"Office of the Governor of Illinois","government","non-contact school",2020-03-13,2020-03-17,NA,"https://www2.illinois.gov/Documents/ExecOrders/2020/ExecutiveOrder-2020-05.pdf",NA,NA,NA,"2020-03-22","ARW","2020-03-22"
"178","Illinois","government","ADM1",NA,"Office of the Governor of Illinois","government","non-contact school",2020-03-15,2020-03-17,2020-03-30,"https://www2.illinois.gov/Documents/ExecOrders/2020/ExecutiveOrder-2020-06.pdf",NA,NA,NA,"2020-03-18","DMO","2020-03-18"
"179","Indiana","government","ADM1",NA,"State of Indiana Executive Department","government","non-contact school",2020-03-19,2020-03-19,2020-05-01,"https://www.in.gov/gov/files/EO_20-05.pdf",NA,NA,NA,"2020-03-25","ARW","2020-03-25"
"180","Iowa","government","ADM1",NA,NA,"government","non-contact school",2020-04-02,2020-04-02,2020-04-30,"https://governor.iowa.gov/press-release/gov-reynolds-signs-new-proclamation-continuing-state-public-health-emergency-2",NA,NA,NA,"2020-04-08","ARW","2020-04-08"
"181","Kansas","government","ADM1",NA,"State of Kansas Governor","government","non-contact school",2020-03-17,NA,2020-05-29,"https://governor.kansas.gov/wp-content/uploads/2020/03/EO-20-07-Executed.pdf",NA,NA,NA,"2020-03-25","ARW","2020-03-25"
"182","Kentucky","government","ADM1",NA,NA,"government","non-contact school",2020-03-12,NA,2020-04-06,NA,NA,NA,NA,"2020-03-25","ARW","2020-03-25"
"183","Louisiana","government","ADM1",NA,NA,"government","non-contact school",2020-03-13,2020-03-16,2020-04-13,"https://gov.louisiana.gov/index.cfm/newsroom/detail/2403",NA,NA,NA,"2020-03-18","DMO","2020-03-18"
"184","Maine","government","ADM1",NA,NA,"government","non-contact school",2020-03-15,NA,NA,"https://www.maine.gov/governor/mills/sites/maine.gov.governor.mills/files/inline-files/Proclamation%20of%20State%20of%20Civil%20Emergency%20To%20Further%20Protect%20Public%20Health.pdf",NA,NA,NA,"2020-04-08","ARW","2020-04-08"
"185","Maine","government","ADM1",NA,NA,"government","non-contact school",2020-04-02,NA,2020-05-01,"https://www.maine.gov/governor/mills/sites/maine.gov.governor.mills/files/inline-files/CORRECTED_An%20Order%20Regarding%20Further%20Restrictions%20on%20Public%20Contact%20and%20Movement%2C%20Schools%2C%20Vehicle%20Travel%20and%20Retail%20Business%20Operations.pdf",NA,NA,"closures basd on district level","2020-04-08","ARW","2020-04-08"
"186","Maryland","government","ADM1",NA,NA,"government","non-contact school",2020-03-12,2020-03-16,2020-03-27,"https://www.nbcwashington.com/news/local/maryland-to-close-public-schools-gatherings-of-more-than-250-people-banned/2239127/",NA,NA,NA,"2020-03-18","TCO","2020-03-18"
"187","Massachusetts","government","ADM1",NA,NA,"government","non-contact school",2020-03-15,2020-03-17,2020-04-07,"https://www.wcvb.com/article/gov-charlie-baker-massachusetts-covid-19-coronavirus-update-march-15-2020/31647097#",NA,NA,NA,"2020-03-18","TCO","2020-03-18"
"188","Michigan","government","ADM1",NA,NA,"government","non-contact school",2020-03-12,2020-03-16,2020-04-06,"https://www.fox17online.com/news/national-news/coronavirus/all-michigan-k-12-schools-closed-through-april-6",NA,NA,NA,"2020-03-18","TCO","2020-03-18"
"189","Minnesota","government","ADM1",NA,NA,"government","non-contact school",2020-03-15,2020-03-18,2020-03-27,"http://www.startribune.com/minnesota-schools-will-close-for-eight-days-due-to-coronavirus-pandemic/568812082/?refresh=true",NA,NA,NA,"2020-03-18","TCO","2020-03-18"
"190","Mississippi","government","ADM1",NA,NA,"government","non-contact school",2020-03-16,NA,NA,"https://www.wlbt.com/2020/03/16/were-this-together-governor-meets-with-coronavirus-task-force/",NA,NA,NA,"2020-03-18","ARW","2020-03-18"
"191","Missouri","government","ADM1",NA,"Missouri Department of Education","government","non-contact school",2020-03-19,2020-03-19,2020-04-06,"https://dese.mo.gov/communications/coronavirus-covid-19-information",NA,NA,"also provides detailed county mao","2020-03-25","ARW","2020-03-25"
"192","Montana","government","ADM1",NA,NA,"government","non-contact school",2020-03-15,2020-03-16,2020-03-27,"https://montana.maps.arcgis.com/apps/MapSeries/index.html?appid=7c34f3412536439491adcc2103421d4b",NA,NA,NA,"2020-03-18","ARW","2020-03-18"
"193","Nebraska","government","ADM1",NA,NA,"government","non-contact school",2020-03-13,NA,NA,"https://www.dropbox.com/s/q3c2qjc1d0gpe4d/COVID-19%20Events%2C%20Public%20Gatherings%2C%20and%20Schools%20Guidance.pdf?dl=0",NA,NA,"dynamic approch based on district community transmission, no start or end date","2020-03-18","ARW","2020-03-18"
"194","Nevada","government","ADM1",NA,NA,"government","non-contact school",2020-03-15,2020-03-16,2020-04-06,"https://www.facebook.com/KTNVLasVegas/videos/2517303431871832/",NA,NA,NA,"2020-03-18","ARW","2020-03-18"
"195","New Hampshire","government","ADM1",NA,NA,"government","non-contact school",2020-03-15,2020-03-16,2020-04-03,"https://www.governor.nh.gov/news-media/press-2020/20200315-emergency-order-1.html",NA,NA,NA,"2020-03-18","ARW","2020-03-18"
"196","New Jersey","government","ADM1",NA,NA,"government","non-contact school",2020-03-16,2020-03-16,NA,"https://www.nj.gov/governor/news/news/562020/approved/20200316c.shtml",NA,NA,NA,"2020-03-18","ARW","2020-03-18"
"197","New Mexico","government","ADM1",NA,NA,"government","non-contact school",2020-03-13,2020-03-16,2020-04-06,"https://www.governor.state.nm.us/wp-content/uploads/2020/03/Executive-Order-2020-005.pdf",NA,NA,NA,"2020-03-18","ARW","2020-03-21"
"198","New York","government","ADM1",NA,NA,"government","non-contact school",2020-03-16,2020-03-18,2020-04-01,"https://www.governor.ny.gov/news/governor-cuomo-signs-executive-order-closing-schools-statewide-two-weeks",NA,NA,NA,"2020-03-18","ARW","2020-03-18"
"199","North Carolina","government","ADM1",NA,NA,"government","non-contact school",2020-03-14,NA,NA,"https://files.nc.gov/governor/documents/files/EO117-COVID-19-Prohibiting-Mass-Gathering-and-K12-School-Closure.pdf",NA,NA,NA,"2020-03-18","ARW","2020-03-18"
"200","North Dakota","government","ADM1",NA,NA,"government","non-contact school",2020-03-15,2020-03-16,2020-03-20,"https://www.health.nd.gov/news/burgum-orders-k-12-schools-close-one-week-effort-slow-spread-covid-19",NA,NA,NA,"2020-03-18","ARW","2020-03-18"
"201","Northern Mariana Islands","government","ADM1",NA,"Commonwealth of the Northern Mariana Islands Board of Education","government","non-contact school",2020-03-23,NA,NA,"https://www.facebook.com/pg/cnmipss/posts/?ref=page_internal",NA,NA,NA,"2020-04-08","ARW","2020-04-08"
"202","Ohio","government","ADM1",NA,NA,"government","non-contact school",2020-03-12,2020-03-16,2020-04-03,"https://ohio.gov/wps/portal/gov/site/media-center/news-and-events/announces-school-closures",NA,NA,NA,"2020-03-18","ARW","2020-03-18"
"203","Oklahoma","government","ADM1",NA,NA,"government","non-contact school",2020-03-16,2020-03-17,2020-04-06,"https://oklahoman.com/article/5657756/all-oklahoma-public-schools-expected-to-close",NA,NA,NA,"2020-03-18","TCO","2020-03-18"
"204","Oregon","government","ADM1",NA,"Office of the Governor of the State of Oregon","government","non-contact school",2020-03-12,2020-03-16,2020-03-31,"https://www.oregon.gov/gov/Documents/executive_orders/eo_20-08.pdf",NA,NA,NA,"2020-03-21","ARW","2020-03-21"
"205","Pennsylvania","government","ADM1",NA,NA,"government","non-contact school",2020-03-13,2020-03-16,2020-03-27,"https://www.education.pa.gov/Schools/safeschools/emergencyplanning/COVID-19/messages/Pages/March-14,-2020.aspx",NA,NA,NA,"2020-03-21","ARW","2020-03-18"
"206","Puerto Rico","government","ADM1",NA,NA,"government","non-contact school",2020-03-13,2020-03-16,2020-03-31,"https://caribbeanbusiness.com/puerto-rico-governor-declares-state-of-emergency-to-fight-covid-19-spread/",NA,NA,NA,"2020-03-18","ARW",NA
"207","Rhode Island","government","ADM1",NA,NA,"government","non-contact school",2020-03-16,NA,NA,"https://www.wpri.com/health/coronavirus/friday-afternoon-coronavirus-update-rhode-island/",NA,NA,NA,"2020-03-18","TCO","2020-03-18"
"208","South Carolina","government","ADM1",NA,NA,"government","non-contact school",2020-03-15,2020-03-16,NA,"https://www.wistv.com/2020/03/15/sc-governor-closes-all-schools-recommends-all-large-gatherings-canceled-number-coronavirus-cases-rises/",NA,NA,NA,"2020-03-18","TCO","2020-03-18"
"209","South Dakota","government","ADM1",NA,NA,"government","non-contact school",2020-03-13,2020-03-16,2020-03-20,"https://doe.sd.gov/coronavirus/",NA,NA,NA,"2020-03-21","ARW","2020-03-21"
"210","South Dakota","government","ADM1",NA,NA,"government","non-contact school",2020-03-17,2020-03-16,2020-03-27,NA,NA,NA,NA,NA,NA,NA
"211","Tennessee","government","ADM1",NA,"Tennessee Office of the Governor","government","non-contact school",2020-03-16,2020-03-20,2020-03-31,"https://www.tn.gov/governor/news/2020/3/16/governor-lee-issues-statement-regarding-statewide-school-closure.html",NA,NA,NA,"2020-03-25","ARW","2020-03-25"
"212","Texas","government","ADM1",NA,NA,"government","non-contact school",2020-03-19,2020-03-20,2020-04-03,"https://gov.texas.gov/uploads/files/press/EO-GA_08_COVID-19_preparedness_and_mitigation_FINAL_03-19-2020_1.pdf",NA,NA,NA,"2020-03-25","ARW","2020-03-18"
"213","USA","government","ADM0",NA,NA,"government","non-contact school",NA,NA,NA,NA,NA,NA,NA,NA,NA,NA
"214","Utah","government","ADM1",NA,NA,"government","non-contact school",2020-03-13,2020-03-13,NA,"https://www.ksl.com/article/46729951/utah-public-schools-enact-soft-closure-for-2-weeks-amid-covid-19-outbreak",NA,NA,NA,"2020-03-18","TCO","2020-03-18"
"215","Vermont","news","ADM1",NA,NA,"government","non-contact school",2020-03-15,2020-03-18,2020-04-06,"https://vtdigger.org/2020/03/15/scott-orders-schools-to-close/",NA,NA,NA,"2020-03-18","TCO","2020-03-18"
"216","Virgin Islands (U.S)","government","ADM1",NA,NA,"government","non-contact school",2020-03-16,2020-03-16,NA,"https://www.vi.gov/u-s-virgin-islands-closes-schools-to-avert-spread-of-covid-19/",NA,NA,NA,"2020-03-19","ARW",NA
"217","Virginia","news","ADM1",NA,NA,"government","non-contact school",2020-03-16,NA,NA,"https://www.governor.virginia.gov/media/governorvirginiagov/executive-actions/EO-53-Temporary-Restrictions-Due-To-Novel-Coronavirus-(COVID-19).pdf",NA,NA,NA,"2020-03-25","ARW","2020-03-25"
"218","Washington","government","ADM1",NA,"State of Washington Office of the Governor","government","non-contact school",2020-03-13,2020-03-17,2020-04-24,"https://www.governor.wa.gov/sites/default/files/proclamations/20-09%20Coronavirus%20Schools%20Amendment%20%28tmp%29.pdf",NA,NA,NA,"2020-04-08","ARW","2020-04-08"
"219","West Virginia","government","ADM1",NA,"Office of the Governor of West Virginia","government","non-contact school",2020-03-13,NA,NA,"https://governor.wv.gov/News/press-releases/2020/Pages/COVID19-UPDATE-Gov.-Justice-announces-closure-of-West-Virginia-schools.aspx",NA,NA,NA,"2020-04-08","ARW","2020-04-08"
"220","Wisconsin","government","ADM1",NA,"State of Wisconsin Department of Health Services","government","non-contact school",2020-03-13,2020-03-18,2020-04-05,"https://evers.wi.gov/Documents/EO/SignedSchoolClosure.pdf",NA,NA,NA,"2020-04-08","ARW","2020-04-08"
"221","Wyoming","government","ADM1",NA,"Wyoming State Health Officer","government","non-contact school",2020-03-19,2020-03-19,2020-04-03,"https://health.wyo.gov/wp-content/uploads/2020/03/Statewide-Order-3.19.2020.pdf",NA,NA,NA,"2020-04-08","ARW","2020-04-08"
"222","Alabama","government","ADM1",NA,"The Office of the Alabama Governor","government","prohibit_business",NA,NA,NA,NA,NA,NA,NA,NA,"DMO","2020-03-21"
"223","Alaska","government","ADM1",NA,"The Office of the Alaska Governor","government","prohibit_business",2020-03-13,2020-03-16,2020-04-30,"https://www.ktuu.com/content/news/Governor-announces-closure-of-dine-in-food-service-due-to-coronavirus-568887821.html",NA,NA,NA,"2020-03-18","DMO","2020-03-21"
"224","American Samoa","government","ADM1",NA,NA,"government","prohibit_business",NA,NA,NA,NA,NA,NA,NA,NA,NA,NA
"225","Arizona","government","ADM1",NA,"The Office of the Arizona Governor","government","prohibit_business",2020-03-20,2020-03-20,2020-04-03,"https://azgovernor.gov/executive-orders",NA,NA,NA,"2020-03-21","ARW","2020-03-21"
"226","Arkansas","government","ADM1",NA,NA,"government","prohibit_business",NA,NA,NA,NA,NA,NA,NA,NA,"DMO","2020-03-21"
"227","California","government","ADM1",NA,NA,"government","prohibit_business",2020-03-16,NA,NA,"https://www.cdph.ca.gov/Programs/CID/DCDC/CDPH%20Document%20Library/COVID-19/Coronavirus%20Disease%202019%20and%20Food%20Beverage%20Other%20Services%20-%20AOL.pdf ; https://www.cdph.ca.gov/Programs/CID/DCDC/Pages/Immunization/ncov2019.aspx",NA,NA,NA,"2020-03-18","ARW","2020-03-18"
"228","Colorado","government","ADM1",NA,"Governor of the State of Colorado","government","prohibit_business",2020-03-14,NA,NA,"https://drive.google.com/file/d/18ZabTj82DItSKzY9iZ3fDk-BPJWZNPOj/view",NA,NA,"ski resorts closed","2020-03-22","ARW","2020-03-22"
"229","Colorado","government","ADM1",NA,"Governor of the State of Colorado","government","prohibit_business",2020-03-16,2020-03-17,2020-04-17,"https://www.colorado.gov/pacific/sites/default/files/atoms/files/Bars%20Restaurants%20PH%20order.pdf",NA,NA,NA,"2020-03-18","DMO","2020-03-18"
"230","Connecticut","government","ADM1",NA,"Governor of the State of Conneticut","government","prohibit_business",2020-03-16,2020-03-16,2020-04-30,"https://portal.ct.gov/-/media/Office-of-the-Governor/Executive-Orders/Lamont-Executive-Orders/Executive-Order-No-7D.pdf",NA,NA,NA,"2020-03-22","ARW","2020-03-22"
"231","Connecticut","government","ADM1",NA,"Governor of the State of Conneticut","government","prohibit_business",2020-03-18,2020-03-19,2020-04-30,"https://portal.ct.gov/-/media/Office-of-the-Governor/Executive-Orders/Lamont-Executive-Orders/Executive-Order-No-7F.pdf",NA,NA,NA,"2020-03-22","ARW","2020-03-22"
"232","Connecticut","government","ADM1",NA,"Governor of the State of Conneticut","government","prohibit_business",2020-03-20,2020-03-21,NA,"https://portal.ct.gov/-/media/Office-of-the-Governor/Executive-Orders/Lamont-Executive-Orders/Executive-Order-No-7G.pdf",NA,NA,NA,"2020-03-21","DMO","2020-03-21"
"233","Delaware","government","ADM1",NA,NA,"government","prohibit_business",NA,NA,NA,NA,NA,NA,NA,NA,"DMO","2020-03-18"
"234","District of Columbia","government","ADM1",NA,NA,"government","prohibit_business",2020-03-16,2020-03-16,2020-03-31,"https://mayor.dc.gov/sites/default/files/dc/sites/mayormb/publication/attachments/MO-Prohibition-on-Mass-Gatherings-During-Public-Health-Emergency.pdf",NA,NA,NA,"2020-03-18","ARW","2020-03-18"
"235","Florida","government","ADM1",NA,NA,"government","prohibit_business",2020-03-17,2020-03-17,2020-03-31,"https://www.flgov.com/wp-content/uploads/orders/2020/EO_20-68.pdf",NA,NA,NA,"2020-03-21","ARW","2020-03-21"
"236","Georgia","government","ADM1",NA,"Executive Order of the Govenor","government","prohibit_business",2020-03-23,2020-03-24,2020-04-06,"https://gov.georgia.gov/executive-action/executive-orders/2020-executive-orders",NA,NA,"bars closed","2020-03-23","ARW","2020-03-23"
"237","Guam","government","ADM1",NA,NA,"government","prohibit_business",NA,NA,NA,NA,"50",NA,NA,NA,NA,NA
"238","Hawaii","government","ADM1",NA,"Governor's Office of the State of Hawai'i","government","prohibit_business",2020-03-17,NA,NA,"https://governor.hawaii.gov/newsroom/latest-news/proper-use-of-covid-19-tests-imperative-there-is-a-current-shortage-of-hand-sanitizers-and-toilet-paper-in-hawaii-in-part-because-of-the-publics-over-reaction-to-covid-19-the-hawai/",NA,NA,NA,"2020-03-22","ARW","2020-03-22"
"239","Idaho","government","ADM1",NA,NA,"government","prohibit_business",NA,NA,NA,NA,NA,NA,NA,NA,"DMO","2020-03-18"
"240","Illinois","government","ADM1",NA,"Office of the Governor of Illinois","government","prohibit_business",2020-03-16,2020-03-16,NA,"https://www2.illinois.gov/Documents/ExecOrders/2020/ExecutiveOrder-2020-07.pdf",NA,NA,NA,"2020-03-18","ARW","2020-03-18"
"241","Indiana","government","ADM1",NA,"State of Indiana Executive Department","government","prohibit_business",2020-03-16,2020-03-17,NA,"https://www.wdrb.com/news/kentucky-and-indiana-bars-and-restaurants-to-close-dine-in/article_ef1eb27a-678a-11ea-8ad8-eb7927ad966a.html",NA,NA,NA,NA,"DMO","2020-03-18"
"242","Indiana","government","ADM1",NA,"State of Indiana Executive Department",NA,"prohibit_business",2020-03-23,NA,NA,"https://www.in.gov/gov/files/Executive_Order_20-08_Stay_at_Home.pdf",NA,NA,NA,"2020-03-25","ARW","2020-03-25"
"243","Iowa","government","ADM1",NA,NA,"government","prohibit_business",2020-04-06,2020-04-06,2020-04-30,"https://governor.iowa.gov/sites/default/files/documents/Public%20Health%20Proclamation%20-%202020.04.06.pdf",NA,NA,NA,"2020-04-07","ARW","2020-04-07"
"244","Kansas","government","ADM1",NA,NA,"government","prohibit_business",NA,NA,NA,NA,NA,NA,NA,NA,"DMO","2020-03-18"
"245","Kentucky","government","ADM1",NA,NA,"government","prohibit_business",2020-03-16,2020-03-17,NA,"https://www.wdrb.com/news/kentucky-and-indiana-bars-and-restaurants-to-close-dine-in/article_ef1eb27a-678a-11ea-8ad8-eb7927ad966a.html",NA,NA,"all non essential service 2020-03-17 businesses to close","2020-03-18","DMO","2020-03-18"
"246","Louisiana","government","ADM1",NA,NA,"government","prohibit_business",2020-03-16,2020-03-17,NA,"https://www.theadvocate.com/baton_rouge/news/coronavirus/article_e33926a0-67c3-11ea-99f9-bfe96aa59571.html",NA,NA,"non essential businesses to close","2020-03-18","DMO","2020-03-18"
"247","Maine","government","ADM1",NA,NA,"government","prohibit_business",NA,NA,NA,NA,NA,NA,NA,NA,"ARW","2020-03-18"
"248","Maryland","government","ADM1",NA,NA,"government","prohibit_business",2020-03-16,NA,NA,"https://www.baltimoresun.com/coronavirus/bs-md-hogan-coronavirus-actions-20200316-lnp646cuxnbbxo4ftha6tmvo4m-story.html",NA,NA,NA,"2020-03-18","TCO","2020-03-18"
"249","Massachusetts","government","ADM1",NA,NA,"government","prohibit_business",2020-03-15,2020-03-17,2020-04-07,"https://www.wcvb.com/article/gov-charlie-baker-massachusetts-covid-19-coronavirus-update-march-15-2020/31647097#",NA,NA,NA,"2020-03-18","TCO","2020-03-18"
"250","Michigan","government","ADM1",NA,NA,"government","prohibit_business",2020-03-20,2020-03-20,NA,"https://www.michigan.gov/whitmer/0,9309,7-387-90499_90640-522577--,00.html",NA,NA,NA,"2020-03-21","DMO","2020-03-21"
"251","Minnesota","government","ADM1",NA,NA,"government","prohibit_business",2020-03-16,2020-03-17,2020-03-27,"https://kttc.com/2020/03/16/walz-orders-partial-closure-of-restaurants-bars-other-businesses/",NA,NA,NA,"2020-03-18","TCO","2020-03-18"
"252","Mississippi","government","ADM1",NA,NA,"government","prohibit_business",NA,NA,NA,NA,NA,NA,NA,NA,"ARW","2020-03-18"
"253","Missouri","government","ADM1",NA,NA,"government","prohibit_business",NA,NA,NA,NA,NA,NA,NA,NA,"ARW","2020-03-18"
"254","Montana","government","ADM1",NA,NA,"government","prohibit_business",NA,NA,NA,NA,NA,NA,NA,NA,"ARW","2020-03-18"
"255","Nebraska","government","ADM1",NA,NA,"government","prohibit_business",2020-03-16,NA,NA,"https://governor.nebraska.gov/press/gov-ricketts-further-limits-events-gatherings-prevent-covid-19-spread",NA,NA,NA,"2020-03-18","ARW","2020-03-18"
"256","Nevada","government","ADM1",NA,NA,"government","prohibit_business",2020-03-17,NA,2020-04-16,"https://nvhealthresponse.nv.gov/wp-content/uploads/2020/03/NV-Health-Response-COVID19.pdf",NA,NA,NA,"2020-03-18","ARW","2020-03-18"
"257","New Hampshire","government","ADM1",NA,NA,"government","prohibit_business",NA,NA,NA,NA,NA,NA,NA,NA,"ARW","2020-03-18"
"258","New Jersey","government","ADM1",NA,NA,"government","prohibit_business",2020-03-16,NA,NA,"https://www.nj.gov/governor/news/news/562020/approved/20200316c.shtml",NA,NA,NA,"2020-03-18","ARW","2020-03-18"
"259","New Mexico","government","ADM1",NA,NA,"government","prohibit_business",NA,NA,NA,NA,NA,NA,NA,NA,"ARW","2020-03-18"
"260","New York","government","ADM1",NA,NA,"government","prohibit_business",NA,NA,NA,NA,NA,NA,NA,NA,"ARW","2020-03-18"
"261","North Dakota","government","ADM1",NA,NA,"government","prohibit_business",NA,NA,NA,NA,NA,NA,NA,NA,"TCO","2020-03-18"
"262","Northern Mariana Islands","government","ADM1",NA,NA,"government","prohibit_business",NA,NA,NA,NA,NA,NA,NA,NA,NA,NA
"263","Ohio","government","ADM1",NA,NA,"government","prohibit_business",2020-03-15,2020-03-15,NA,"https://thehill.com/policy/healthcare/487684-illinois-ohio-closing-all-bars-restaurants-in-response-to-coronavirus",NA,NA,NA,"2020-03-18","TCO","2020-03-18"
"264","Oklahoma","government","ADM1",NA,NA,"government","prohibit_business",NA,NA,NA,NA,NA,NA,NA,NA,"TCO","2020-03-18"
"265","Oregon","government","ADM1",NA,"Office of the Governor of the State of Oregon","government","prohibit_business",2020-03-16,2020-03-17,NA,"https://www.oregon.gov/gov/Documents/executive_orders/eo_20-07.pdf",NA,NA,NA,"2020-03-21","ARW","2020-03-21"
"266","Pennsylvania","government","ADM1",NA,NA,"government","prohibit_business",2020-03-19,2020-03-19,NA,"https://www.governor.pa.gov/wp-content/uploads/2020/03/20200319-TWW-COVID-19-business-closure-order.pdf",NA,NA,"close all nonessential commercial businesses","2020-03-21","ARW","2020-03-21"
"267","Puerto Rico","government","ADM1",NA,NA,"government","prohibit_business",NA,NA,NA,NA,NA,NA,NA,NA,NA,NA
"268","Rhode Island","government","ADM1",NA,NA,"government","prohibit_business",2020-03-17,NA,NA,"https://www.providencejournal.com/news/20200316/raimondo-shutting-dine-in-restaurants-bars-for-2-weeks-rsquocommunity-spreadrsquo-of-virus-now-seen-in-ri",NA,NA,NA,"2020-03-18","TCO","2020-03-18"
"269","South Carolina","government","ADM1",NA,NA,"government","prohibit_business",2020-03-17,2020-03-18,NA,"https://www.wfae.org/post/sc-governor-places-restrictions-bars-and-restaurants-slow-coronavirus-spread",NA,NA,NA,"2020-03-18","TCO","2020-03-18"
"270","South Dakota","government","ADM1",NA,NA,"government","prohibit_business",2020-03-13,NA,NA,"https://sdsos.gov/general-information/executive-actions/executive-orders/assets/2020-05.PDF",NA,NA,"state office workers to be remote",NA,"ARW","2020-03-27"
"271","Tennessee","government","ADM1",NA,NA,"government","prohibit_business",NA,NA,NA,NA,NA,NA,NA,NA,"TCO","2020-03-18"
"272","Texas","government","ADM1",NA,"Governor of the State of Texas","government","prohibit_business",2020-03-19,2020-03-20,2020-04-03,"https://gov.texas.gov/uploads/files/press/EO-GA_08_COVID-19_preparedness_and_mitigation_FINAL_03-19-2020_1.pdf",NA,NA,NA,"2020-03-21","ARW","2020-03-21"
"273","USA","government","ADM0",NA,NA,"government","prohibit_business",NA,NA,NA,NA,NA,NA,NA,NA,NA,NA
"274","Utah","government","ADM1",NA,NA,"government","prohibit_business",NA,NA,NA,NA,NA,NA,NA,NA,"TCO","2020-03-18"
"275","Vermont","government","ADM1",NA,NA,"government","prohibit_business",NA,NA,NA,NA,NA,NA,NA,NA,"TCO","2020-03-18"
"276","Virgin Islands (U.S)","government","ADM1",NA,NA,"government","prohibit_business",NA,NA,NA,NA,NA,NA,NA,NA,NA,NA
"277","Virginia","news","ADM1",NA,NA,"government","prohibit_business",NA,NA,NA,NA,NA,NA,NA,"2020-03-18","TCO","2020-03-18"
"278","Washington","news","ADM1",NA,NA,"government","prohibit_business",2020-03-15,NA,NA,"https://www.usatoday.com/story/news/nation/2020/03/15/coronavirus-bars-restaurants-closed-states/5055634002/",NA,NA,NA,"2020-03-18","TCO",NA
"279","West Virginia","government","ADM1",NA,NA,"government","prohibit_business",NA,NA,NA,NA,NA,NA,NA,NA,"TCO","2020-03-18"
"280","Wisconsin","government","ADM1",NA,NA,"government","prohibit_business",NA,NA,NA,NA,NA,NA,NA,NA,"TCO","2020-03-18"
"281","Wyoming","government","ADM1",NA,NA,"government","prohibit_business",NA,NA,NA,NA,NA,NA,NA,NA,"TCO","2020-03-18"
"282","North Carolina","government","ADM1",NA,NA,"government","prohibit_restaurants",2020-03-17,2020-03-17,2020-03-31,"https://files.nc.gov/governor/documents/files/EO118.pdf",NA,NA,NA,"2020-03-18","ARW","2020-03-18"
"283","USA","government","ADM0",NA,"Department of Health and Human Services","government","public_health_emergency",2020-01-31,NA,NA,"https://www.hhs.gov/about/news/2020/01/31/secretary-azar-declares-public-health-emergency-us-2019-novel-coronavirus.html",NA,NA,NA,"2020-03-21","ARW","2020-03-21"
"284","Alabama","government","ADM1",NA,"The Office of the Alabama Governor","government","shelter_in_place",2020-04-03,2020-04-04,2020-04-30,"https://governor.alabama.gov/assets/2020/04/Final-Statewide-Order-4.3.2020.pdf",NA,NA,NA,NA,"ARW","2020-04-07"
"285","Alaska","government","ADM1",NA,"The Office of the Alaska Governor","government","shelter_in_place",NA,NA,NA,"https://www.muni.org/departments/mayor/pressreleases/documents/eo-03.pdf",NA,NA,"currently only anchorage",NA,"ARW","2020-04-07"
"286","American Samoa","government","ADM1",NA,NA,"government","shelter_in_place",NA,NA,NA,NA,NA,NA,NA,NA,NA,NA
"287","Arizona","government","ADM1",NA,NA,"government","shelter_in_place",2020-03-30,2020-03-31,2020-04-30,"https://azgovernor.gov/executive-orders",NA,NA,NA,"2020-04-07","ARW","2020-04-07"
"288","Arkansas","government","ADM1",NA,NA,"government","shelter_in_place",NA,NA,NA,NA,NA,NA,NA,NA,"DMO","2020-03-21"
"289","California","government","ADM1",NA,"Executive Department State of California","government","shelter_in_place",2020-03-19,NA,NA,"https://www.gov.ca.gov/wp-content/uploads/2020/03/EO-N-33-20-COVID-19-HEALTH-ORDER-03.19.2020-002.pdf",NA,NA,NA,"2020-03-22","ARW","2020-03-22"
"290","Colorado","government","ADM1",NA,"Governor of the State of Colorado","government","shelter_in_place",2020-03-25,2020-03-26,NA,"https://drive.google.com/file/d/1O1EDCY6-A6QBKxzDImCSF8bBBdOOI3Km/view",NA,NA,NA,"2020-03-27","ARW","2020-03-27"
"291","Colorado","government","ADM2",NA,"Governor of the State of Colorado","government","shelter_in_place",2020-04-06,2020-04-06,NA,"https://drive.google.com/file/d/1UHbu2_DTdTvSlPcpsd_vDLtnaslmISuo/view",NA,NA,"Extending previous order","2020-04-08","DMO","2020-04-08"
"292","Connecticut","government","ADM1",NA,"Governor of the State of Conneticut","government","shelter_in_place",2020-03-20,2020-03-23,2020-04-22,"https://portal.ct.gov/-/media/Office-of-the-Governor/Executive-Orders/Lamont-Executive-Orders/Executive-Order-No-7H.pdf?la=en",NA,NA,NA,"2020-03-21","ARW","2020-03-21"
"293","Delaware","government","ADM1",NA,"State of Delaware","government","shelter_in_place",2020-03-22,2020-03-24,NA,"https://governor.delaware.gov/wp-content/uploads/sites/24/2020/03/Fifth-Modification-to-State-of-Emergency-03222020.pdf",NA,NA,NA,"2020-03-27","ARW","2020-03-27"
"294","District of Columbia","government","ADM1",NA,"Mayor","government","shelter_in_place",2020-03-30,2020-04-01,2020-04-24,"https://mayor.dc.gov/sites/default/files/dc/sites/coronavirus/release_content/attachments/Mayor%27s%20Order%202020-054%20Stay%20at%20Home.pdf",NA,NA,NA,"2020-04-10","DMO","2020-04-10"
"295","Florida","government","ADM1",NA,NA,"government","shelter_in_place",2020-04-01,2020-04-01,NA,"https://www.flgov.com/wp-content/uploads/orders/2020/EO_20-91-compressed.pdf",NA,NA,NA,"2020-04-08","DMO","2020-04-08"
"296","Georgia","government","ADM1",NA,NA,"government","shelter_in_place",2020-04-02,NA,NA,"https://gov.georgia.gov/executive-action/executive-orders/2020-executive-orders",NA,NA,NA,NA,"ARW","2020-03-19"
"297","Guam","government","ADM1",NA,NA,"government","shelter_in_place",NA,NA,NA,NA,NA,NA,NA,NA,"ARW","2020-03-19"
"298","Hawaii","government","ADM1",NA,"Office of the Governor of the State of Hawai'i","government","shelter_in_place",2020-03-23,2020-03-25,2020-04-30,"https://governor.hawaii.gov/wp-content/uploads/2020/03/2003162-ATG_Third-Supplementary-Proclamation-for-COVID-19-signed.pdf",NA,NA,NA,"2020-03-27","ARW","2020-03-27"
"299","Idaho","government","ADM1",NA,NA,"government","shelter_in_place",2020-03-25,NA,NA,"https://coronavirus.idaho.gov/wp-content/uploads/sites/127/2020/03/proclamation_extreme-emergency-declaration_032520.pdf",NA,NA,NA,"2020-04-08","DMO","2020-04-08"
"300","Illinois","government","ADM1",NA,"Office of the Governor of Illinois","government","shelter_in_place",2020-03-20,2020-03-21,NA,"https://www2.illinois.gov/Documents/ExecOrders/2020/ExecutiveOrder-2020-10.pdf",NA,NA,NA,"2020-03-21","ARW","2020-03-20"
"301","Illinois","government","ADM2",NA,"Office of the Governor of Illinois","government","shelter_in_place",2020-04-01,2020-04-01,NA,"https://www2.illinois.gov/Pages/Executive-Orders/ExecutiveOrder2020-18.aspx",NA,NA,"Extension of previous order","2020-04-08","DMO","2020-04-08"
"302","Indiana","government","ADM1",NA,"State of Indiana Executive Department","government","shelter_in_place",2020-03-23,2020-03-24,NA,"https://www.in.gov/gov/files/Executive_Order_20-08_Stay_at_Home.pdf",NA,NA,NA,"2020-03-25","ARW","2020-03-25"
"303","Indiana","government","ADM2",NA,"State of Indiana Executive Department","government","shelter_in_place",2020-04-06,NA,NA,"https://www.in.gov/gov/files/Executive%20Order%2020-18%20Cont%20Stay%20at%20Home%20Restaurants%20Govt%20Ops.pdf",NA,NA,"Extension of previous order","2020-04-08","DMP","2020-04-08"
"304","Iowa","government","ADM1",NA,NA,"government","shelter_in_place",NA,NA,NA,NA,NA,NA,NA,NA,"ARW","2020-03-19"
"305","Kansas","government","ADM2",NA,NA,"government","shelter_in_place",2020-03-28,2020-03-30,NA,"https://governor.kansas.gov/wp-content/uploads/2020/03/EO20-16.pdf",NA,NA,NA,"2020-04-08","DMO","2020-04-08"
"306","Kentucky","government","ADM1",NA,NA,"government","shelter_in_place",NA,NA,NA,NA,NA,NA,NA,NA,"ARW","2020-03-19"
"307","Louisiana","government","ADM1",NA,"State of Lousiana Executive Department","government","shelter_in_place",2020-03-22,2020-03-23,NA,"https://gov.louisiana.gov/assets/Proclamations/2020/JBE-33-2020.pdf",NA,NA,NA,"2020-03-25","ARW","2020-03-25"
"308","Louisiana","government","ADM2",NA,"State of Lousiana Executive Department","government","shelter_in_place",2020-04-02,NA,NA,"https://gov.louisiana.gov/assets/Proclamations/2020/41-JBE-2020-Stay-At-Home-Extended.pdf",NA,NA,"Extension","2020-04-08","DMO","2020-04-08"
"309","Maine","government","ADM1",NA,NA,"government","shelter_in_place",NA,NA,NA,NA,NA,NA,NA,NA,"ARW","2020-03-19"
"310","Maryland","government","ADM1",NA,NA,"government","shelter_in_place",2020-03-30,2020-03-30,NA,"https://governor.maryland.gov/wp-content/uploads/2020/03/Gatherings-FOURTH-AMENDED-3.30.20.pdf",NA,NA,NA,"2020-04-09","DMO","2020-04-09"
"311","Massachusetts","government","ADM1",NA,NA,"government","shelter_in_place",NA,2020-03-24,NA,"https://www.mass.gov/news/governor-charlie-baker-orders-all-non-essential-businesses-to-cease-in-person-operation",NA,NA,"advisory, not mandate","2020-03-27","ARW","2020-03-27"
"312","Michigan","government","ADM1",NA,"Office of the Governor","government","shelter_in_place",2020-03-24,2020-03-24,2020-04-13,"https://www.michigan.gov/whitmer/0,9309,7-387-90499_90705-522626--,00.html",NA,NA,NA,"2020-04-09","DMO","2020-04-09"
"313","Michigan","government","ADM2",NA,"Office of the Governor","government","state_of_emergency",NA,NA,NA,"https://www.michigan.gov/whitmer/0,9309,7-387-90499_90705-524025--,00.html",NA,NA,"Expanded emergency and disaster declaration","2020-04-09","DMO","2020-04-09"
"314","Minnesota","government","ADM1",NA,"Office of the Governor","government","shelter_in_place",2020-03-25,2020-03-27,2020-05-04,"https://www.documentcloud.org/documents/6827869-Minnesota-executive-order-20-33-Final.html",NA,NA,"Extended dates","2020-04-09","DMO","2020-04-09"
"315","Mississippi","government","ADM1",NA,"Office of the Governor","government","shelter_in_place",2020-03-31,2020-03-31,2020-04-14,"https://www.sos.ms.gov/Education-Publications/ExecutiveOrders/1465.pdf",NA,NA,NA,"2020-04-07","ARW","2020-04-07"
"316","Missouri","government","ADM1",NA,"Office of the Governor","government","shelter_in_place",2020-04-06,2020-04-06,2020-04-24,"https://twitter.com/GovParsonMO/status/1246196795107160064",NA,NA,NA,"2020-04-10","DMO","2020-04-10"
"317","Montana","government","ADM1",NA,"Office of the Governor","government","shelter_in_place",2020-03-26,2020-03-26,2020-04-10,"https://covid19.mt.gov/Portals/223/Documents/Stay%20at%20Home%20Directive.pdf?ver=2020-03-26-173332-177",NA,NA,NA,"2020-04-09","DMO","2020-04-09"
"318","Nebraska","government","ADM1",NA,NA,"government","shelter_in_place",NA,NA,NA,"https://www.ketv.com/article/coronavirus-covid19-nebraska-omaha-latest/31213658",NA,NA,NA,"2020-04-10","DMO","2020-04-10"
"319","Nevada","government","ADM1",NA,"Office of the Governor","government","shelter_in_place",2020-03-31,2020-03-31,2020-04-30,"http://gov.nv.gov/uploadedFiles/govnewnvgov/Content/News/Emergency_Orders/2020/2020-03-31%20-%20Declaration%20of%20Emergency%20Directive%20010%20Stay%20at%20Home.pdf",NA,NA,NA,"2020-04-09","DMO","2020-04-09"
"320","New Hampshire","government","ADM1",NA,"Office of the Governor","government","shelter_in_place",2020-03-26,2020-03-27,2020-05-04,"https://www.governor.nh.gov/news-media/emergency-orders/documents/emergency-order-17-1.pdf",NA,NA,NA,"2020-04-09","DMO","2020-04-09"
"321","New Jersey","government","ADM1",NA,"Office of the Governor","government","shelter_in_place",2020-03-20,2020-03-21,NA,"https://nj.gov/infobank/eo/056murphy/pdf/EO-107.pdf",NA,NA,NA,NA,"ARW","2020-03-18"
"322","New Mexico","government","ADM1",NA,"Office of the Governor","government","shelter_in_place",2020-03-26,2020-03-24,NA,"https://nj.gov/infobank/eo/056murphy/pdf/EO-107.pdf",NA,NA,NA,"2020-04-10","DMO","2020-04-10"
"323","New York","government","ADM1",NA,"Office of the Governor","government","shelter_in_place",2020-03-20,2020-03-20,2020-04-19,"https://www.governor.ny.gov/news/no-2028-continuing-temporary-suspension-and-modification-laws-relating-disaster-emergency",NA,NA,NA,"2020-04-10","DMO","2020-04-10"
"324","North Carolina","government","ADM1",NA,"Office of the Governor","government","shelter_in_place",2020-03-27,2020-03-27,2020-04-27,"https://files.nc.gov/governor/documents/files/EO121-Stay-at-Home-Order-3.pdf",NA,NA,NA,"2020-04-10","DMO","2020-04-10"
"325","North Dakota","government","ADM1",NA,NA,"government","shelter_in_place",NA,NA,NA,NA,NA,NA,NA,NA,"DMO","2020-04-10"
"326","Northern Mariana Islands","government","ADM1",NA,NA,"government","shelter_in_place",NA,NA,NA,NA,NA,NA,NA,NA,NA,NA
"327","Ohio","government","ADM1",NA,"Office of the Governor","government","shelter_in_place",2020-03-23,2020-03-23,2020-04-06,"https://content.govdelivery.com/attachments/OHOOD/2020/03/22/file_attachments/1407840/Stay%20Home%20Order.pdf",NA,NA,NA,"2020-03-27","ARW","2020-03-27"
"328","Ohio","government","ADM2",NA,"Office of the Governor","government","shelter_in_place",2020-04-02,2020-04-02,2020-05-01,"https://content.govdelivery.com/attachments/OHOOD/2020/04/02/file_attachments/1418062/Signed%20Amended%20Director%27s%20Stay%20At%20Home%20Order.pdf",NA,NA,NA,"2020-04-10","DMO","2020-04-10"
"329","Oklahoma","government","ADM1",NA,NA,"government","shelter_in_place",2020-03-24,2020-03-24,2020-04-24,"https://www.sos.ok.gov/documents/executive/1926.pdf",NA,NA,"Vulnerable individuals to stay at home","2020-04-10","DMO","2020-04-10"
"330","Oregon","government","ADM1",NA,NA,"government","shelter_in_place",2020-03-23,2020-03-23,NA,"https://govsite-assets.s3.amazonaws.com/jkAULYKcSh6DoDF8wBM0_EO%2020-12.pdf",NA,NA,NA,"2020-03-27","ARW","2020-03-27"
"331","Pennsylvania","government","ADM1",NA,"Dept of Health","government","shelter_in_place",2020-03-23,2020-03-23,2020-04-06,"https://www.governor.pa.gov/wp-content/uploads/2020/03/03.23.20-SOH-Stay-at-Home-Order.pdf",NA,NA,"county specific mandates","2020-04-10","DMO","2020-04-10"
"332","Pennsylvania","government","ADM2",NA,"Office of the Governor","government","shelter_in_place",2020-03-23,2020-03-23,2020-04-06,"https://www.governor.pa.gov/wp-content/uploads/2020/03/03.23.20-TWW-COVID-19-Stay-at-Home-Order.pdf",NA,NA,NA,"2020-04-10","DMO","2020-04-10"
"333","Puerto Rico","government","ADM1",NA,NA,"government","shelter_in_place",NA,NA,NA,NA,NA,NA,NA,NA,NA,NA
"334","Rhode Island","government","ADM1",NA,NA,"government","shelter_in_place",NA,NA,NA,NA,NA,NA,NA,NA,"ARW","2020-03-19"
"335","South Carolina","government","ADM1",NA,"Office of the Governor","government","shelter_in_place",2020-04-06,2020-04-06,NA,"https://governor.sc.gov/sites/default/files/Documents/Executive-Orders/2020-04-06%20eFILED%20Executive%20Order%20No.%202020-21%20-%20Stay%20at%20Home%20or%20Work%20Order.pdf",NA,NA,"county specific mandates","2020-04-10","DMO","2020-04-10"
"336","South Dakota","government","ADM1",NA,"Office of the Governor","government","shelter_in_place",2020-04-06,2020-04-06,2020-04-27,"https://sdsos.gov/general-information/executive-actions/executive-orders/assets/2020-13.PDF",NA,NA,NA,"2020-04-10","DMO","2020-04-10"
"337","Tennessee","government","ADM1",NA,"Office of the Governor","government","shelter_in_place",2020-03-30,2020-03-30,2020-04-14,"https://publications.tnsosfiles.com/pub/execorders/exec-orders-lee22.pdf",NA,NA,NA,"2020-04-10","DMO","2020-04-10"
"338","Texas","government","ADM1",NA,NA,"government","shelter_in_place",NA,NA,NA,NA,NA,NA,"county specific mandates","2020-03-21","ARW","2020-03-21"
"339","USA","government","ADM0",NA,NA,"government","shelter_in_place",NA,NA,NA,NA,NA,NA,NA,NA,NA,NA
"340","Utah","government","ADM1",NA,"Office of the Governor","government","shelter_in_place",2020-03-27,2020-03-27,2020-04-13,"https://drive.google.com/file/d/1Qey2xIxAEqIxiiAHJyHSxBosmjetkbN7/view",NA,NA,NA,"2020-04-10","DMO","2020-04-10"
"341","Vermont","government","ADM1",NA,"Office of the Governor","government","shelter_in_place",2020-03-24,2020-03-24,2020-04-15,"https://governor.vermont.gov/sites/scott/files/documents/ADDENDUM%206%20TO%20EXECUTIVE%20ORDER%2001-20.pdf",NA,NA,NA,"2020-04-10","DMO","2020-04-10"
"342","Virgin Islands (U.S)","government","ADM1",NA,"Office of the Governor","government","shelter_in_place",2020-03-23,2020-03-23,NA,"https://www.vi.gov/wp-content/uploads/2020/03/2020-03.23-12-54pm-Order-Suppl-Exec-Order-re-Restrictions-to-Movement-Gatherings-Operations-of-Business-Govt.-and-Schools-fully-signed.pdf",NA,NA,NA,"2020-04-10","DMO","2020-04-10"
"343","Virginia","government","ADM1",NA,"Office of the Governor","government","shelter_in_place",2020-03-30,2020-03-30,2020-06-10,"https://www.governor.virginia.gov/media/governorvirginiagov/executive-actions/EO-55-Temporary-Stay-at-Home-Order-Due-to-Novel-Coronavirus-(COVID-19).pdf",NA,NA,NA,"2020-04-10","DMO","2020-04-10"
"344","Washington","government","ADM1",NA,"Office of the Governor","government","shelter_in_place",2020-03-23,2020-03-23,2020-05-04,"https://www.governor.wa.gov/sites/default/files/proclamations/20-25%20Coronovirus%20Stay%20Safe-Stay%20Healthy%20%28tmp%29%20%28002%29.pdf",NA,NA,"extended on 4/2 to 5/4","2020-04-10","DMP","2020-04-10"
"345","West Virginia","government","ADM1",NA,"Office of the Governor","government","shelter_in_place",2020-03-23,2020-03-24,NA,"https://governor.wv.gov/Documents/2020%20Executive%20Orders/STAY-AT-HOME-ORDER-MARCH-23-2020.pdf",NA,NA,NA,"2020-04-10","DMO","2020-04-10"
"346","Wisconsin","government","ADM1",NA,"State of Wisconsin Department of Health Srvices","government","shelter_in_place",NA,2020-03-25,NA,"https://www.wpr.org/sites/default/files/health_order_12_safer_at_home.pdf",NA,NA,NA,"2020-03-27","ARW","2020-03-27"
"347","Wyoming","government","ADM1",NA,NA,"government","shelter_in_place",NA,NA,NA,NA,NA,NA,NA,NA,NA,NA
"348","Alabama","government","ADM1","https://governor.alabama.gov/newsroom/category/press-releases/","Office of the Governor","government","state_of_emergency",2020-03-13,NA,NA,"https://governor.alabama.gov/newsroom/2020/03/state-of-emergency-coronavirus-covid-19/",NA,NA,NA,"2020-03-18","DMO","2020-03-21"
"349","Alaska","government","ADM1",NA,"The Office of the Alaska Governor","government","state_of_emergency",2020-03-11,NA,NA,"https://gov.alaska.gov/wp-content/uploads/sites/2/COVID-19-Disaster-Packet.pdf",NA,NA,NA,"2020-04-07","ARW","2020-04-07"
"350","American Samoa","government","ADM1",NA,NA,"government","state_of_emergency",2020-03-18,NA,NA,"https://6fe16cc8-c42f-411f-9950-4abb1763c703.filesusr.com/ugd/4bfff9_cb729fc321ce409cbb5b8557ab7281a0.pdf",NA,NA,NA,"2020-03-21","ARW","2020-03-21"
"351","Arizona","government","ADM1",NA,"The Office of the Arizona Governor","government","state_of_emergency",2020-03-11,NA,NA,"https://www.azfamily.com/news/gov-ducey-declares-public-health-emergency-in-arizona-due-to/article_b6984d36-63c4-11ea-97ae-577cf8e7a46e.html",NA,NA,NA,"2020-03-18","DMO","2020-03-21"
"352","Arkansas","government","ADM1",NA,"State of Arkansas Executive Department","government","state_of_emergency",2020-03-13,NA,NA,"https://governor.arkansas.gov/images/uploads/executiveOrders/EO_20-05.pdf",NA,NA,NA,NA,"DMO","2020-03-21"
"353","California","government","ADM1",NA,"Executive Department State of California","government","state_of_emergency",2020-03-04,NA,NA,"https://www.gov.ca.gov/wp-content/uploads/2020/03/3.4.20-Coronavirus-SOE-Proclamation.pdf",NA,NA,NA,"2020-03-22","ARW","2020-03-22"
"354","Colorado","government","ADM1",NA,"Governor of the State of Colorado","government","state_of_emergency",2020-03-11,2020-03-11,2020-04-09,"https://drive.google.com/file/d/1szJfU9WF36-lCVgRhXMAnJdlQyTSG83e/view",NA,NA,NA,"2020-03-22","ARW","2020-03-22"
"355","Connecticut","government","ADM1",NA,"Governor of the State of Conneticut","government","state_of_emergency",2020-03-10,2020-03-10,2020-09-09,"https://portal.ct.gov/-/media/Office-of-the-Governor/News/20200310-declaration-of-civil-preparedness-and-public-health-emergency.pdf?la=en",NA,NA,NA,"2020-03-22","ARW","2020-03-22"
"356","Delaware","government","ADM1",NA,NA,"government","state_of_emergency",2020-03-12,2020-03-13,NA,"https://governor.delaware.gov/wp-content/uploads/sites/24/2020/03/State-of-Emergency_03122020.pdf",NA,NA,NA,"2020-03-21","DMO","2020-03-21"
"357","District of Columbia","government","ADM1",NA,NA,"government","state_of_emergency",2020-03-11,NA,NA,"https://mayor.dc.gov/release/mayor-bowser-declares-public-health-emergency",NA,NA,NA,"2020-03-18","ARW","2020-03-18"
"358","Florida","government","ADM1",NA,NA,"government","state_of_emergency",2020-03-09,NA,NA,"https://www.flgov.com/wp-content/uploads/orders/2020/EO_20-51.pdf",NA,NA,NA,"2020-03-21","ARW","2020-03-21"
"359","Georgia","government","ADM1",NA,"Executive Order of the Govenor","government","state_of_emergency",2020-03-13,2020-03-14,NA,"https://gov.georgia.gov/executive-action/executive-orders/2020-executive-orders",NA,NA,NA,"2020-03-18","ARW","2020-03-18"
"360","Guam","government","ADM1",NA,NA,"government","state_of_emergency",2020-03-14,NA,NA,"http://dphss.guam.gov/wp-content/uploads/2020/03/COVID19-EO.pdf.pdf",NA,NA,NA,"2020-03-19","ARW",NA
"361","Hawaii","government","ADM1",NA,NA,"government","state_of_emergency",2020-03-04,2020-03-04,2020-04-29,"https://www.staradvertiser.com/2020/03/04/breaking-news/watch-live-gov-david-ige-and-hawaii-health-officials-give-update-on-coronavirus-in-hawaii/",NA,NA,NA,"2020-03-18","DMO","2020-03-18"
"362","Idaho","government","ADM1",NA,"Idaho Office of the Governor","government","state_of_emergency",2020-03-13,2020-03-13,NA,"https://gov.idaho.gov/wp-content/uploads/sites/74/2020/03/covid-19-declaration_final.pdf",NA,NA,NA,"2020-03-22","ARW","2020-03-22"
"363","Illinois","government","ADM1",NA,"Office of the Governor of Illinois","government","state_of_emergency",2020-04-01,2020-04-30,NA,"https://www2.illinois.gov/sites/gov/Documents/APPROVED%20-%20Coronavirus%20Disaster%20Proc%20WORD.pdf",NA,NA,NA,"2020-04-07","ARW","2020-04-07"
"364","Indiana","government","ADM1",NA,"State of Indiana Executive Department","government","state_of_emergency",2020-03-06,2020-03-06,NA,"https://www.in.gov/gov/files/20-02ExecutiveOrder(DeclarationofPublicHealthEmergencyforCOVID-19)FINAL.pdf",NA,NA,"Public Health Emergency","2020-03-25","ARW","2020-03-25"
"365","Iowa","government","ADM1",NA,NA,"government","state_of_emergency",2020-03-09,NA,NA,"https://www.weareiowa.com/article/news/health/coronavirus/8-iowans-test-postivie-for-coronavirus-covid-19/524-982d69c7-c93d-4bac-b65c-96006fbc6ddb",NA,NA,"Disaster Emergency","2020-03-18","DMO","2020-03-18"
"366","Kansas","government","ADM1",NA,"State of Kansas Executive Department","government","state_of_emergency",2020-03-12,NA,NA,"https://governor.kansas.gov/wp-content/uploads/2020/03/2020-03-12-Proclamation.pdf",NA,NA,NA,"2020-03-25","ARW","2020-03-25"
"367","Kentucky","government","ADM1",NA,NA,"government","state_of_emergency",2020-03-06,2020-03-06,NA,"https://kentucky.gov/Pages/Activity-stream.aspx?n=GovernorBeshear&prId=77",NA,NA,NA,"2020-03-18","DMO","2020-03-18"
"368","Louisiana","government","ADM1",NA,"State of Louisiana Executive Department","government","state_of_emergency",2020-03-11,NA,NA,"http://gohsep.la.gov/portals/0/News/25-JBE-2020-COVID-19.pdf",NA,NA,NA,"2020-03-25","ARW","2020-03-25"
"369","Maine","government","ADM1",NA,NA,"government","state_of_emergency",2020-03-15,NA,NA,"https://www.maine.gov/governor/mills/sites/maine.gov.governor.mills/files/inline-files/Proclamation%20of%20State%20of%20Civil%20Emergency%20To%20Further%20Protect%20Public%20Health.pdf",NA,NA,NA,"2020-03-18","ARW","2020-03-18"
"370","Maryland","government","ADM1",NA,NA,"government","state_of_emergency",2020-03-05,NA,NA,"https://governor.maryland.gov/2020/03/05/governor-larry-hogan-declares-state-of-emergency-expands-statewide-response-to-novel-coronavirus/",NA,NA,NA,"2020-03-18","TCO","2020-03-18"
"371","Massachusetts","government","ADM1",NA,NA,"government","state_of_emergency",2020-03-10,NA,NA,"https://www.mass.gov/resource/information-on-the-outbreak-of-coronavirus-disease-2019-covid-19",NA,NA,NA,"2020-03-18","TCO","2020-03-18"
"372","Michigan","government","ADM1",NA,NA,"government","state_of_emergency",2020-03-20,NA,NA,"https://www.michigan.gov/whitmer/0,9309,7-387-90499_90705-521576--,00.html",NA,NA,NA,"2020-04-07","ARW","2020-04-07"
"373","Minnesota","government","ADM1",NA,NA,"government","state_of_emergency",2020-03-13,NA,NA,"https://www.twincities.com/2020/03/13/coronavirus-mn-gov-walz-declares-state-of-emergency-gatherings-of-250-now-discouraged/",NA,NA,NA,"2020-03-18","TCO","2020-03-18"
"374","Mississippi","government","ADM1",NA,NA,"government","state_of_emergency",2020-03-14,NA,NA,"https://www.msema.org/news/governor-reeves-declares-state-of-emergency-due-to-covid-19/",NA,NA,NA,"2020-03-18","ARW","2020-03-18"
"375","Missouri","government","ADM1",NA,NA,"government","state_of_emergency",2020-03-13,NA,NA,"https://governor.mo.gov/press-releases/archive/governor-parson-signs-executive-order-20-02-declaring-state-emergency",NA,NA,NA,"2020-03-18","ARW","2020-03-18"
"376","Montana","government","ADM1",NA,NA,"government","state_of_emergency",2020-03-12,NA,NA,"https://montana.maps.arcgis.com/apps/MapSeries/index.html?appid=7c34f3412536439491adcc2103421d4b",NA,NA,NA,"2020-03-18","ARW","2020-03-18"
"377","Nebraska","government","ADM1",NA,NA,"government","state_of_emergency",2020-03-13,NA,NA,"https://governor.nebraska.gov/press/gov-ricketts-issues-emergency-declaration-covid-19",NA,NA,NA,"2020-03-18","ARW","2020-03-18"
"378","Nevada","government","ADM1",NA,NA,"government","state_of_emergency",2020-03-12,NA,NA,"https://nvhealthresponse.nv.gov/wp-content/uploads/2020/03/NV-Health-Response-COVID19.pdf",NA,NA,NA,"2020-03-18","ARW","2020-03-18"
"379","New Hampshire","government","ADM1",NA,NA,"government","state_of_emergency",2020-03-13,NA,NA,"https://www.governor.nh.gov/news-media/press-2020/2020313-eo-2020-04.htm",NA,NA,NA,"2020-03-18","ARW","2020-03-18"
"380","New Jersey","government","ADM1",NA,NA,"government","state_of_emergency",2020-03-09,NA,NA,"https://nj.gov/infobank/eo/056murphy/pdf/EO-103.pdf",NA,NA,NA,"2020-03-18","ARW","2020-03-18"
"381","New Mexico","government","ADM1",NA,NA,"government","state_of_emergency",2020-03-11,NA,NA,"https://www.newmexico.gov/2020/03/17/open-government-division-advisory-during-covid-19-state-of-public-health-emergency/",NA,NA,NA,"2020-03-18","ARW","2020-03-18"
"382","New York","government","ADM1",NA,NA,"government","state_of_emergency",2020-03-07,NA,NA,"https://www.nytimes.com/2020/03/07/nyregion/coronavirus-new-york-queens.html",NA,NA,NA,"2020-03-18","TCO","2020-03-18"
"383","North Carolina","government","ADM1",NA,NA,"government","state_of_emergency",2020-03-10,NA,NA,"https://wlos.com/news/local/gov-cooper-members-of-coronavirus-task-force-to-hold-a-media-briefing-on-covid-19",NA,NA,"public health emergency","2020-03-18","TCO","2020-03-18"
"384","North Dakota","government","ADM1",NA,NA,"government","state_of_emergency",2020-03-13,NA,NA,"https://www.kxnet.com/news/top-stories/governor-burgum-declares-state-of-emergency-for-north-dakota/",NA,NA,NA,"2020-03-18","TCO","2020-03-18"
"385","Northern Mariana Islands","government","ADM1",NA,NA,"government","state_of_emergency",2020-01-29,NA,NA,"https://www.pncguam.com/coronavirus-prompts-cnmi-to-declare-an-emergency/",NA,NA,NA,"2020-04-07","ARW","2020-04-07"
"386","Ohio","government","ADM1",NA,NA,"government","state_of_emergency",2020-03-03,NA,NA,"https://www.10tv.com/article/3-confirmed-cases-coronavirus-ohio-dewine-declares-state-emergency-2020-mar",NA,NA,NA,"2020-03-18","TCO","2020-03-18"
"387","Oklahoma","government","ADM1",NA,NA,"government","state_of_emergency",2020-03-15,NA,NA,"http://www.sos.ok.gov/documents/executive/1913.pdf",NA,NA,NA,"2020-03-18","TCO","2020-03-18"
"388","Oregon","government","ADM1",NA,"Office of the Governor of the State of Oregon","government","state_of_emergency",2020-03-08,NA,NA,"https://www.oregon.gov/gov/Documents/executive_orders/eo_20-03.pdf",NA,NA,NA,"2020-03-21","ARW","2020-03-21"
"389","Pennsylvania","government","ADM1",NA,NA,"government","state_of_emergency",2020-03-06,NA,NA,"https://www.governor.pa.gov/newsroom/gov-wolf-signs-covid-19-disaster-declaration-to-provide-increased-support-for-state-response/",NA,NA,NA,"2020-03-21","ARW","2020-03-21"
"390","Puerto Rico","government","ADM1",NA,NA,"government","state_of_emergency",2020-03-13,NA,NA,"https://caribbeanbusiness.com/puerto-rico-governor-declares-state-of-emergency-to-fight-covid-19-spread/",NA,NA,NA,"2020-03-18","ARW",NA
"391","Rhode Island","government","ADM1",NA,NA,"government","state_of_emergency",2020-03-09,NA,NA,"https://www.providencejournal.com/news/20200309/raimondo-declares-state-of-emergency-in-ri-over-coronavirus",NA,NA,NA,"2020-03-18","TCO","2020-03-18"
"392","South Carolina","government","ADM1",NA,NA,"government","state_of_emergency",2020-03-13,NA,NA,"https://www.thestate.com/news/local/article241171426.html",NA,NA,NA,"2020-03-18","TCO","2020-03-18"
"393","South Dakota","government","ADM1",NA,"State of South Dakota Office of the Governor","government","state_of_emergency",2020-03-13,NA,NA,"https://sdsos.gov/general-information/executive-actions/executive-orders/assets/2020-04.PDF",NA,NA,NA,"2020-03-25","ARW","2020-03-25"
"394","Tennessee","government","ADM1",NA,NA,"government","state_of_emergency",2020-03-12,NA,NA,"https://www.tn.gov/governor/news/2020/3/12/gov--bill-lee-issues-executive-order-declaring-state-of-emergency-in-response-to-covid-19.html",NA,NA,NA,"2020-03-18","TCO","2020-03-18"
"395","Texas","government","ADM1",NA,NA,"government","state_of_emergency",2020-03-13,NA,NA,"https://www.texastribune.org/2020/03/13/texas-coronavirus-cases-state-emergency-greg-abbott/",NA,NA,"state of disaster","2020-03-18","TCO","2020-03-18"
"396","USA","government","ADM0",NA,"The White House","government","state_of_emergency",2020-03-13,NA,NA,"https://www.whitehouse.gov/briefings-statements/remarks-president-trump-vice-president-pence-members-coronavirus-task-force-press-conference-3/",NA,NA,NA,"2020-03-21","ARW","2020-03-21"
"397","Utah","government","ADM1",NA,NA,"government","state_of_emergency",2020-03-06,2020-03-06,NA,"https://governor.utah.gov/2020/03/06/gov-herbert-declares-state-of-emergency/",NA,NA,NA,"2020-04-07","ARW","2020-04-07"
"398","Vermont","news","ADM1",NA,NA,"government","state_of_emergency",2020-03-15,NA,NA,"https://www.sevendaysvt.com/OffMessage/archives/2020/03/13/governor-scott-declares-state-of-emergency-in-vermont",NA,NA,NA,"2020-03-18","TCO","2020-03-18"
"399","Virgin Islands (U.S)","government","ADM1",NA,NA,"government","state_of_emergency",2020-03-13,NA,NA,"https://www.vi.gov/u-s-virgin-islands-closes-schools-to-avert-spread-of-covid-19/",NA,NA,NA,"2020-03-19","ARW",NA
"400","Virginia","news","ADM1",NA,NA,"government","state_of_emergency",2020-03-12,NA,NA,"https://wtop.com/coronavirus/2020/03/maryland-virginia-sees-jump-in-coronavirus-cases/",NA,NA,NA,"2020-03-18","TCO","2020-03-18"
"401","Washington","news","ADM1",NA,NA,"government","state_of_emergency",2020-02-29,NA,NA,"https://www.forbes.com/sites/rachelsandler/2020/02/29/washington-state-reports-1st-us-coronavirus-death-declares-statewide-emergency/#84207b118f0a",NA,NA,NA,"2020-03-18","TCO",NA
"402","West Virginia","government","ADM1",NA,NA,"government","state_of_emergency",2020-03-16,NA,NA,"https://www.axios.com/coronavirus-west-virginia-only-state-no-case-ac32ce6d-5523-4310-a219-7d1d1dcb6b44.html",NA,NA,NA,"2020-03-18","TCO",NA
"403","Wisconsin","news","ADM1",NA,NA,"government","state_of_emergency",2020-03-12,NA,NA,"https://www.jsonline.com/story/news/politics/2020/03/12/coronavirus-wisconsin-gov-tony-evers-declares-health-emerency/5030830002/",NA,NA,NA,"2020-03-18","TCO",NA
"404","Wyoming","government","ADM1",NA,NA,"government","state_of_emergency",2020-03-13,NA,NA,"https://trib.com/news/state-and-regional/health/governor-declares-state-of-emergency-in-wyoming/article_e1f8e089-0b84-574f-b1af-114f78d734c7.html",NA,NA,NA,"2020-03-18","TCO",NA
"405","Hawaii","government","ADM1",NA,"Governor's Office of the State of Hawai'i","government","travel_screening",2020-03-17,NA,NA,"https://governor.hawaii.gov/newsroom/latest-news/proper-use-of-covid-19-tests-imperative-there-is-a-current-shortage-of-hand-sanitizers-and-toilet-paper-in-hawaii-in-part-because-of-the-publics-over-reaction-to-covid-19-the-hawai/",NA,NA,NA,"2020-03-22","ARW","2020-03-22"
"406","Mississippi","government","ADM1",NA,NA,"government",NA,2020-03-23,NA,NA,"https://www.msema.org/news/covid-19-preventive-recommendations/",NA,"testing_advances",NA,NA,NA,NA
