"symptom date","cases","deaths","hospitalization"
"2020-09-24","0","1","0"
"2020-04-27","0","1","0"
"2020-02-01","1","0","0"
"2020-02-02","1","0","0"
"2020-02-03","1","0","0"
"2020-02-10","1","0","0"
"2020-02-13","1","0","0"
"2020-02-19","1","0","0"
"2020-02-19","1","0","0"
"2020-02-21","1","0","1"
"2020-02-21","1","0","0"
"2020-02-22","1","0","0"
"2020-02-23","1","0","1"
"2020-02-24","1","0","0"
"2020-02-25","2","0","0"
"2020-02-25","1","0","0"
"2020-02-26","1","0","1"
"2020-02-26","1","0","1"
"2020-02-28","1","0","0"
"2020-02-29","1","0","1"
"2020-02-29","1","0","0"
"2020-03-01","1","0","1"
"2020-03-01","1","0","0"
"2020-03-01","1","0","1"
"2020-03-01","5","0","1"
"2020-03-01","3","0","1"
"2020-03-01","1","0","0"
"2020-03-01","1","0","0"
"2020-03-02","1","0","1"
"2020-03-03","1","0","0"
"2020-03-03","1","0","0"
"2020-03-03","2","0","1"
"2020-03-03","1","0","1"
"2020-03-03","1","0","0"
"2020-03-04","4","0","0"
"2020-03-04","1","0","0"
"2020-03-04","2","0","0"
"2020-03-05","2","0","0"
"2020-03-05","1","0","0"
"2020-03-05","3","0","2"
"2020-03-05","1","0","1"
"2020-03-06","3","0","2"
"2020-03-06","2","0","2"
"2020-03-06","1","0","0"
"2020-03-06","2","0","1"
"2020-03-06","1","0","0"
"2020-03-07","4","0","2"
"2020-03-07","3","0","2"
"2020-03-07","4","0","1"
"2020-03-07","1","0","0"
"2020-03-07","1","0","0"
"2020-03-08","2","0","2"
"2020-03-08","1","0","1"
"2020-03-08","1","0","0"
"2020-03-08","1","0","0"
"2020-03-08","2","0","0"
"2020-03-09","7","0","1"
"2020-03-09","4","0","2"
"2020-03-09","3","0","1"
"2020-03-09","4","0","0"
"2020-03-09","1","0","0"
"2020-03-09","1","0","0"
"2020-03-09","2","0","0"
"2020-03-09","1","0","0"
"2020-03-10","1","0","0"
"2020-03-10","4","0","0"
"2020-03-10","1","0","0"
"2020-03-10","1","0","0"
"2020-03-10","10","0","1"
"2020-03-10","2","0","0"
"2020-03-10","1","0","0"
"2020-03-10","2","0","0"
"2020-03-10","3","0","0"
"2020-03-11","4","0","2"
"2020-03-11","1","0","0"
"2020-03-11","2","0","0"
"2020-03-11","8","0","2"
"2020-03-11","2","0","0"
"2020-03-11","1","0","0"
"2020-03-11","1","0","0"
"2020-03-11","1","0","0"
"2020-03-11","1","0","0"
"2020-03-12","1","0","1"
"2020-03-12","8","0","4"
"2020-03-12","3","0","1"
"2020-03-12","1","0","0"
"2020-03-12","1","0","0"
"2020-03-12","1","0","0"
"2020-03-12","6","0","0"
"2020-03-12","6","0","1"
"2020-03-12","2","0","0"
"2020-03-12","2","0","0"
"2020-03-12","1","0","0"
"2020-03-13","1","0","1"
"2020-03-13","1","0","0"
"2020-03-13","2","0","0"
"2020-03-13","12","0","3"
"2020-03-13","1","0","0"
"2020-03-13","1","0","0"
"2020-03-13","9","0","1"
"2020-03-13","4","0","0"
"2020-03-13","1","0","1"
"2020-03-13","2","0","0"
"2020-03-13","1","0","0"
"2020-03-13","1","0","0"
"2020-03-13","2","0","0"
"2020-03-13","1","0","0"
"2020-03-14","2","0","0"
"2020-03-14","8","0","2"
"2020-03-14","2","0","0"
"2020-03-14","1","0","1"
"2020-03-14","9","0","1"
"2020-03-14","2","0","0"
"2020-03-14","1","0","1"
"2020-03-14","1","0","0"
"2020-03-14","2","0","0"
"2020-03-14","3","0","1"
"2020-03-14","1","0","0"
"2020-03-15","1","0","0"
"2020-03-15","1","0","0"
"2020-03-15","14","1","5"
"2020-03-15","5","0","0"
"2020-03-15","1","0","0"
"2020-03-15","1","0","0"
"2020-03-15","7","0","0"
"2020-03-15","4","0","0"
"2020-03-15","4","0","0"
"2020-03-15","1","0","0"
"2020-03-15","3","0","0"
"2020-03-16","1","0","0"
"2020-03-16","1","0","1"
"2020-03-16","30","0","10"
"2020-03-16","5","0","2"
"2020-03-16","21","0","1"
"2020-03-16","5","0","1"
"2020-03-16","3","0","0"
"2020-03-16","4","0","0"
"2020-03-16","1","0","0"
"2020-03-16","1","0","0"
"2020-03-17","2","0","0"
"2020-03-17","27","1","5"
"2020-03-17","6","0","2"
"2020-03-17","1","0","0"
"2020-03-17","1","0","0"
"2020-03-17","1","0","0"
"2020-03-17","15","0","1"
"2020-03-17","8","0","0"
"2020-03-17","1","0","0"
"2020-03-17","2","0","0"
"2020-03-17","2","0","1"
"2020-03-17","1","0","0"
"2020-03-17","2","0","0"
"2020-03-17","1","0","1"
"2020-03-18","1","0","0"
"2020-03-18","36","0","7"
"2020-03-18","7","0","3"
"2020-03-18","1","0","0"
"2020-03-18","14","0","0"
"2020-03-18","6","0","0"
"2020-03-18","4","0","1"
"2020-03-18","1","0","0"
"2020-03-18","2","0","0"
"2020-03-18","1","0","0"
"2020-03-18","3","0","0"
"2020-03-19","1","0","0"
"2020-03-19","27","1","4"
"2020-03-19","2","0","0"
"2020-03-19","1","0","0"
"2020-03-19","2","0","0"
"2020-03-19","3","0","1"
"2020-03-19","11","0","0"
"2020-03-19","6","0","0"
"2020-03-19","4","0","0"
"2020-03-19","1","0","0"
"2020-03-19","1","0","0"
"2020-03-19","1","0","0"
"2020-03-20","1","0","0"
"2020-03-20","2","0","0"
"2020-03-20","26","1","3"
"2020-03-20","8","0","4"
"2020-03-20","2","0","1"
"2020-03-20","13","0","2"
"2020-03-20","12","0","1"
"2020-03-20","3","0","1"
"2020-03-20","4","0","0"
"2020-03-20","3","0","0"
"2020-03-21","1","0","0"
"2020-03-21","22","0","6"
"2020-03-21","2","0","1"
"2020-03-21","1","0","0"
"2020-03-21","1","0","0"
"2020-03-21","14","0","0"
"2020-03-21","4","0","0"
"2020-03-21","2","0","0"
"2020-03-21","1","0","0"
"2020-03-21","2","0","0"
"2020-03-21","3","0","0"
"2020-03-22","1","0","1"
"2020-03-22","1","0","0"
"2020-03-22","10","0","1"
"2020-03-22","2","0","1"
"2020-03-22","1","0","1"
"2020-03-22","1","0","0"
"2020-03-22","17","0","1"
"2020-03-22","4","0","0"
"2020-03-22","1","0","0"
"2020-03-22","3","0","0"
"2020-03-22","1","0","0"
"2020-03-23","1","0","0"
"2020-03-23","1","0","0"
"2020-03-23","1","0","0"
"2020-03-23","32","0","6"
"2020-03-23","8","0","0"
"2020-03-23","1","0","0"
"2020-03-23","2","0","1"
"2020-03-23","23","0","2"
"2020-03-23","8","0","1"
"2020-03-23","10","0","1"
"2020-03-23","1","0","0"
"2020-03-23","2","0","0"
"2020-03-23","8","0","0"
"2020-03-23","1","0","0"
"2020-03-24","3","0","0"
"2020-03-24","1","0","0"
"2020-03-24","32","0","7"
"2020-03-24","2","0","0"
"2020-03-24","1","0","0"
"2020-03-24","1","0","0"
"2020-03-24","1","0","0"
"2020-03-24","6","0","0"
"2020-03-24","6","0","0"
"2020-03-24","3","0","0"
"2020-03-24","1","0","1"
"2020-03-24","1","0","1"
"2020-03-24","2","0","1"
"2020-03-24","4","0","0"
"2020-03-25","8","0","1"
"2020-03-25","1","0","0"
"2020-03-25","41","0","3"
"2020-03-25","11","0","4"
"2020-03-25","1","0","0"
"2020-03-25","1","0","1"
"2020-03-25","1","0","0"
"2020-03-25","11","0","2"
"2020-03-25","2","0","0"
"2020-03-25","7","0","0"
"2020-03-25","2","0","0"
"2020-03-25","1","0","0"
"2020-03-25","2","0","0"
"2020-03-25","1","0","0"
"2020-03-26","1","0","0"
"2020-03-26","1","0","0"
"2020-03-26","1","0","0"
"2020-03-26","27","0","6"
"2020-03-26","6","0","2"
"2020-03-26","1","0","0"
"2020-03-26","1","0","0"
"2020-03-26","19","0","0"
"2020-03-26","2","0","0"
"2020-03-26","4","0","0"
"2020-03-26","2","0","0"
"2020-03-26","3","0","0"
"2020-03-26","2","0","0"
"2020-03-27","1","0","0"
"2020-03-27","2","0","0"
"2020-03-27","39","0","6"
"2020-03-27","8","0","0"
"2020-03-27","2","0","1"
"2020-03-27","3","0","0"
"2020-03-27","17","0","1"
"2020-03-27","7","0","2"
"2020-03-27","7","0","1"
"2020-03-27","1","0","1"
"2020-03-27","2","0","0"
"2020-03-27","1","0","0"
"2020-03-28","2","0","0"
"2020-03-28","1","0","0"
"2020-03-28","20","0","6"
"2020-03-28","2","0","1"
"2020-03-28","1","0","1"
"2020-03-28","1","0","0"
"2020-03-28","2","0","0"
"2020-03-28","1","0","0"
"2020-03-28","1","0","0"
"2020-03-28","14","0","2"
"2020-03-28","7","0","1"
"2020-03-28","3","0","0"
"2020-03-28","3","0","0"
"2020-03-28","1","0","0"
"2020-03-28","2","0","0"
"2020-03-28","1","0","0"
"2020-03-29","1","0","1"
"2020-03-29","24","0","4"
"2020-03-29","2","0","1"
"2020-03-29","1","0","0"
"2020-03-29","1","0","0"
"2020-03-29","14","0","0"
"2020-03-29","4","1","1"
"2020-03-29","1","0","0"
"2020-03-29","1","0","1"
"2020-03-29","2","0","0"
"2020-03-29","1","0","0"
"2020-03-30","1","0","0"
"2020-03-30","3","0","0"
"2020-03-30","31","3","2"
"2020-03-30","12","0","4"
"2020-03-30","1","0","0"
"2020-03-30","2","0","0"
"2020-03-30","1","0","0"
"2020-03-30","1","0","0"
"2020-03-30","20","0","0"
"2020-03-30","7","0","1"
"2020-03-30","2","0","0"
"2020-03-30","1","0","0"
"2020-03-30","1","0","0"
"2020-03-30","3","0","0"
"2020-03-30","2","0","0"
"2020-03-31","1","0","1"
"2020-03-31","28","1","4"
"2020-03-31","6","0","4"
"2020-03-31","1","0","0"
"2020-03-31","1","0","0"
"2020-03-31","1","0","0"
"2020-03-31","3","0","0"
"2020-03-31","19","0","0"
"2020-03-31","4","0","0"
"2020-03-31","3","0","0"
"2020-03-31","2","0","0"
"2020-03-31","1","0","0"
"2020-03-31","4","0","1"
"2020-03-31","4","0","0"
"2020-04-01","1","0","0"
"2020-04-01","40","0","2"
"2020-04-01","11","2","3"
"2020-04-01","1","0","0"
"2020-04-01","2","0","0"
"2020-04-01","1","0","1"
"2020-04-01","1","0","0"
"2020-04-01","24","0","2"
"2020-04-01","9","0","0"
"2020-04-01","5","0","0"
"2020-04-01","1","0","0"
"2020-04-01","1","0","0"
"2020-04-01","1","0","0"
"2020-04-01","3","0","0"
"2020-04-01","2","0","0"
"2020-04-02","2","0","0"
"2020-04-02","1","0","0"
"2020-04-02","29","0","2"
"2020-04-02","2","0","2"
"2020-04-02","2","0","0"
"2020-04-02","1","0","0"
"2020-04-02","1","0","0"
"2020-04-02","5","0","0"
"2020-04-02","24","0","1"
"2020-04-02","4","0","0"
"2020-04-02","3","0","0"
"2020-04-02","1","0","0"
"2020-04-02","1","0","0"
"2020-04-02","1","0","0"
"2020-04-02","1","0","0"
"2020-04-03","2","0","0"
"2020-04-03","36","4","2"
"2020-04-03","2","0","1"
"2020-04-03","3","0","0"
"2020-04-03","1","0","0"
"2020-04-03","2","0","1"
"2020-04-03","1","0","0"
"2020-04-03","20","0","3"
"2020-04-03","4","0","1"
"2020-04-03","1","0","0"
"2020-04-03","7","0","1"
"2020-04-03","1","0","0"
"2020-04-03","1","0","0"
"2020-04-03","1","0","1"
"2020-04-03","1","0","0"
"2020-04-03","1","0","0"
"2020-04-03","3","0","0"
"2020-04-04","2","0","0"
"2020-04-04","1","0","0"
"2020-04-04","3","0","1"
"2020-04-04","27","0","3"
"2020-04-04","3","0","0"
"2020-04-04","1","0","0"
"2020-04-04","2","0","1"
"2020-04-04","16","0","1"
"2020-04-04","5","0","0"
"2020-04-04","1","0","0"
"2020-04-04","2","0","0"
"2020-04-04","1","0","0"
"2020-04-05","1","0","0"
"2020-04-05","1","0","0"
"2020-04-05","24","2","2"
"2020-04-05","3","0","1"
"2020-04-05","1","0","1"
"2020-04-05","2","0","0"
"2020-04-05","24","0","2"
"2020-04-05","2","0","0"
"2020-04-05","5","0","1"
"2020-04-05","2","0","0"
"2020-04-05","1","0","0"
"2020-04-05","1","0","0"
"2020-04-06","1","0","0"
"2020-04-06","1","0","0"
"2020-04-06","1","0","0"
"2020-04-06","39","1","2"
"2020-04-06","2","0","1"
"2020-04-06","1","0","0"
"2020-04-06","1","0","0"
"2020-04-06","1","0","0"
"2020-04-06","7","0","2"
"2020-04-06","1","0","0"
"2020-04-06","33","0","5"
"2020-04-06","9","0","1"
"2020-04-06","2","0","0"
"2020-04-06","2","0","0"
"2020-04-06","1","0","0"
"2020-04-06","1","0","0"
"2020-04-06","2","0","0"
"2020-04-06","1","0","0"
"2020-04-07","1","0","0"
"2020-04-07","2","0","0"
"2020-04-07","1","0","0"
"2020-04-07","48","1","5"
"2020-04-07","2","1","1"
"2020-04-07","3","0","1"
"2020-04-07","6","0","0"
"2020-04-07","21","0","2"
"2020-04-07","7","0","3"
"2020-04-07","6","0","0"
"2020-04-07","2","0","0"
"2020-04-07","1","0","0"
"2020-04-07","2","0","0"
"2020-04-07","1","0","0"
"2020-04-07","2","0","0"
"2020-04-08","1","0","0"
"2020-04-08","3","0","0"
"2020-04-08","1","0","0"
"2020-04-08","2","0","1"
"2020-04-08","42","0","4"
"2020-04-08","5","0","0"
"2020-04-08","1","0","0"
"2020-04-08","1","0","0"
"2020-04-08","3","0","0"
"2020-04-08","1","0","0"
"2020-04-08","23","0","2"
"2020-04-08","6","0","0"
"2020-04-08","1","0","0"
"2020-04-08","1","0","0"
"2020-04-08","1","0","0"
"2020-04-08","2","0","1"
"2020-04-08","2","0","0"
"2020-04-09","1","0","0"
"2020-04-09","3","0","0"
"2020-04-09","27","1","2"
"2020-04-09","8","0","1"
"2020-04-09","1","0","0"
"2020-04-09","1","0","0"
"2020-04-09","7","0","0"
"2020-04-09","3","0","0"
"2020-04-09","26","0","0"
"2020-04-09","6","0","0"
"2020-04-09","3","0","0"
"2020-04-09","1","0","0"
"2020-04-09","4","0","0"
"2020-04-09","1","0","0"
"2020-04-10","3","0","0"
"2020-04-10","1","0","0"
"2020-04-10","38","1","2"
"2020-04-10","7","0","0"
"2020-04-10","1","0","0"
"2020-04-10","1","0","0"
"2020-04-10","3","0","0"
"2020-04-10","23","0","2"
"2020-04-10","6","0","1"
"2020-04-10","12","0","1"
"2020-04-10","2","0","0"
"2020-04-10","4","0","0"
"2020-04-10","1","0","0"
"2020-04-10","1","0","0"
"2020-04-10","1","0","0"
"2020-04-11","1","0","0"
"2020-04-11","1","0","0"
"2020-04-11","2","0","1"
"2020-04-11","17","0","3"
"2020-04-11","5","1","1"
"2020-04-11","1","0","0"
"2020-04-11","1","0","0"
"2020-04-11","1","0","0"
"2020-04-11","2","0","0"
"2020-04-11","1","0","0"
"2020-04-11","12","0","2"
"2020-04-11","4","0","0"
"2020-04-11","1","0","0"
"2020-04-11","2","0","0"
"2020-04-11","1","0","0"
"2020-04-11","5","0","0"
"2020-04-11","1","0","0"
"2020-04-11","2","0","1"
"2020-04-12","2","0","1"
"2020-04-12","1","0","0"
"2020-04-12","1","0","0"
"2020-04-12","37","0","4"
"2020-04-12","3","0","0"
"2020-04-12","2","0","0"
"2020-04-12","1","0","1"
"2020-04-12","22","0","1"
"2020-04-12","2","0","0"
"2020-04-12","2","0","0"
"2020-04-12","2","0","0"
"2020-04-12","1","0","0"
"2020-04-12","1","0","0"
"2020-04-12","2","0","0"
"2020-04-12","2","0","0"
"2020-04-13","3","0","0"
"2020-04-13","2","0","0"
"2020-04-13","47","0","8"
"2020-04-13","6","0","1"
"2020-04-13","3","0","0"
"2020-04-13","2","0","0"
"2020-04-13","1","0","0"
"2020-04-13","26","0","3"
"2020-04-13","5","0","1"
"2020-04-13","6","0","0"
"2020-04-13","2","0","0"
"2020-04-13","5","0","0"
"2020-04-13","1","0","0"
"2020-04-13","2","0","0"
"2020-04-14","3","0","0"
"2020-04-14","1","0","0"
"2020-04-14","2","0","0"
"2020-04-14","30","1","1"
"2020-04-14","9","0","1"
"2020-04-14","3","0","0"
"2020-04-14","3","0","0"
"2020-04-14","20","0","3"
"2020-04-14","8","0","1"
"2020-04-14","3","0","0"
"2020-04-14","1","0","0"
"2020-04-14","6","0","0"
"2020-04-14","3","0","0"
"2020-04-14","3","0","0"
"2020-04-15","1","0","0"
"2020-04-15","1","0","0"
"2020-04-15","47","0","6"
"2020-04-15","7","0","0"
"2020-04-15","1","0","0"
"2020-04-15","4","0","0"
"2020-04-15","19","0","1"
"2020-04-15","3","1","0"
"2020-04-15","4","0","0"
"2020-04-15","3","0","1"
"2020-04-15","3","0","1"
"2020-04-15","1","0","1"
"2020-04-16","1","0","0"
"2020-04-16","1","0","0"
"2020-04-16","1","0","0"
"2020-04-16","33","0","2"
"2020-04-16","5","0","0"
"2020-04-16","1","0","0"
"2020-04-16","1","0","0"
"2020-04-16","32","0","1"
"2020-04-16","3","0","0"
"2020-04-16","4","0","1"
"2020-04-16","2","0","1"
"2020-04-16","2","0","1"
"2020-04-16","4","0","0"
"2020-04-17","1","0","0"
"2020-04-17","1","0","0"
"2020-04-17","1","0","0"
"2020-04-17","36","2","1"
"2020-04-17","2","1","0"
"2020-04-17","1","0","0"
"2020-04-17","3","0","0"
"2020-04-17","23","0","1"
"2020-04-17","12","0","1"
"2020-04-17","2","0","0"
"2020-04-17","3","0","0"
"2020-04-17","1","0","0"
"2020-04-17","1","0","0"
"2020-04-18","1","0","0"
"2020-04-18","2","0","0"
"2020-04-18","27","1","5"
"2020-04-18","6","0","2"
"2020-04-18","2","0","0"
"2020-04-18","1","0","0"
"2020-04-18","20","0","2"
"2020-04-18","3","0","0"
"2020-04-18","2","0","0"
"2020-04-18","4","0","0"
"2020-04-18","1","0","0"
"2020-04-19","2","0","0"
"2020-04-19","17","1","3"
"2020-04-19","1","0","0"
"2020-04-19","1","0","0"
"2020-04-19","25","1","0"
"2020-04-19","3","0","0"
"2020-04-19","1","0","0"
"2020-04-19","1","0","0"
"2020-04-19","2","0","0"
"2020-04-20","1","0","0"
"2020-04-20","2","0","0"
"2020-04-20","1","0","0"
"2020-04-20","65","1","5"
"2020-04-20","7","0","0"
"2020-04-20","1","0","0"
"2020-04-20","3","0","0"
"2020-04-20","30","0","5"
"2020-04-20","10","0","1"
"2020-04-20","8","0","1"
"2020-04-20","3","0","0"
"2020-04-20","7","0","0"
"2020-04-20","7","0","0"
"2020-04-21","1","0","0"
"2020-04-21","1","0","0"
"2020-04-21","1","0","0"
"2020-04-21","42","0","4"
"2020-04-21","5","0","0"
"2020-04-21","1","0","0"
"2020-04-21","2","0","0"
"2020-04-21","1","0","0"
"2020-04-21","1","0","0"
"2020-04-21","24","0","1"
"2020-04-21","11","0","0"
"2020-04-21","7","0","0"
"2020-04-21","1","0","0"
"2020-04-21","5","0","0"
"2020-04-21","1","0","0"
"2020-04-21","1","0","0"
"2020-04-21","1","0","0"
"2020-04-22","1","0","0"
"2020-04-22","3","0","0"
"2020-04-22","1","0","0"
"2020-04-22","4","0","0"
"2020-04-22","30","0","2"
"2020-04-22","3","0","1"
"2020-04-22","1","0","0"
"2020-04-22","24","1","2"
"2020-04-22","7","0","0"
"2020-04-22","1","0","0"
"2020-04-22","2","0","0"
"2020-04-22","1","0","0"
"2020-04-22","3","0","0"
"2020-04-22","2","0","0"
"2020-04-23","1","0","0"
"2020-04-23","35","0","2"
"2020-04-23","1","0","1"
"2020-04-23","2","0","0"
"2020-04-23","1","0","0"
"2020-04-23","14","0","0"
"2020-04-23","7","0","0"
"2020-04-23","2","0","0"
"2020-04-23","1","0","0"
"2020-04-23","2","0","0"
"2020-04-23","5","0","1"
"2020-04-23","1","0","0"
"2020-04-23","1","0","0"
"2020-04-23","3","0","0"
"2020-04-24","2","0","0"
"2020-04-24","2","0","0"
"2020-04-24","2","0","0"
"2020-04-24","19","1","2"
"2020-04-24","4","0","0"
"2020-04-24","2","0","0"
"2020-04-24","23","1","1"
"2020-04-24","7","0","0"
"2020-04-24","5","0","2"
"2020-04-24","1","0","0"
"2020-04-24","1","0","0"
"2020-04-24","2","0","0"
"2020-04-24","1","0","0"
"2020-04-25","1","0","0"
"2020-04-25","2","0","0"
"2020-04-25","2","0","0"
"2020-04-25","30","1","3"
"2020-04-25","2","0","0"
"2020-04-25","1","0","0"
"2020-04-25","11","0","0"
"2020-04-25","2","0","0"
"2020-04-25","3","0","0"
"2020-04-25","1","0","0"
"2020-04-25","1","0","0"
"2020-04-25","2","0","0"
"2020-04-26","2","0","0"
"2020-04-26","2","0","0"
"2020-04-26","20","0","3"
"2020-04-26","2","0","1"
"2020-04-26","10","0","1"
"2020-04-26","3","0","0"
"2020-04-26","1","0","0"
"2020-04-26","1","0","0"
"2020-04-26","2","0","0"
"2020-04-27","4","0","0"
"2020-04-27","1","0","0"
"2020-04-27","1","0","0"
"2020-04-27","32","0","0"
"2020-04-27","5","0","0"
"2020-04-27","1","0","0"
"2020-04-27","28","0","0"
"2020-04-27","7","0","2"
"2020-04-27","5","0","2"
"2020-04-27","2","0","0"
"2020-04-27","1","0","0"
"2020-04-27","2","0","0"
"2020-04-27","2","0","1"
"2020-04-28","4","0","0"
"2020-04-28","2","0","0"
"2020-04-28","1","0","0"
"2020-04-28","35","1","2"
"2020-04-28","5","1","1"
"2020-04-28","2","0","1"
"2020-04-28","1","0","0"
"2020-04-28","1","0","0"
"2020-04-28","23","0","1"
"2020-04-28","4","0","0"
"2020-04-28","1","0","0"
"2020-04-28","4","0","0"
"2020-04-28","1","0","0"
"2020-04-28","1","0","0"
"2020-04-28","4","0","0"
"2020-04-29","1","0","0"
"2020-04-29","26","0","4"
"2020-04-29","6","0","1"
"2020-04-29","3","0","0"
"2020-04-29","14","0","0"
"2020-04-29","4","0","0"
"2020-04-29","2","0","0"
"2020-04-29","1","0","0"
"2020-04-29","1","0","0"
"2020-04-29","1","0","0"
"2020-04-29","1","0","0"
"2020-04-30","1","0","0"
"2020-04-30","2","0","0"
"2020-04-30","18","0","3"
"2020-04-30","4","0","0"
"2020-04-30","6","0","0"
"2020-04-30","3","0","0"
"2020-04-30","4","0","0"
"2020-04-30","1","0","0"
"2020-04-30","1","0","0"
"2020-04-30","2","0","0"
"2020-04-30","1","0","0"
"2020-05-01","4","0","0"
"2020-05-01","46","0","7"
"2020-05-01","3","1","0"
"2020-05-01","1","0","0"
"2020-05-01","1","0","0"
"2020-05-01","1","0","0"
"2020-05-01","20","0","2"
"2020-05-01","2","1","0"
"2020-05-01","1","0","0"
"2020-05-01","1","0","0"
"2020-05-01","1","0","0"
"2020-05-01","5","0","0"
"2020-05-01","4","0","0"
"2020-05-01","2","0","0"
"2020-05-02","1","0","0"
"2020-05-02","13","0","1"
"2020-05-02","2","0","0"
"2020-05-02","1","0","0"
"2020-05-02","6","0","0"
"2020-05-02","1","0","0"
"2020-05-02","2","0","0"
"2020-05-02","2","0","0"
"2020-05-02","3","0","0"
"2020-05-02","2","0","0"
"2020-05-02","1","0","0"
"2020-05-03","1","0","1"
"2020-05-03","23","0","2"
"2020-05-03","1","0","0"
"2020-05-03","1","0","0"
"2020-05-03","11","0","0"
"2020-05-03","2","0","1"
"2020-05-03","2","0","0"
"2020-05-03","1","0","0"
"2020-05-03","1","0","0"
"2020-05-03","1","0","0"
"2020-05-04","1","0","0"
"2020-05-04","2","0","1"
"2020-05-04","19","0","3"
"2020-05-04","2","0","1"
"2020-05-04","1","0","0"
"2020-05-04","10","0","0"
"2020-05-04","2","0","0"
"2020-05-04","4","0","0"
"2020-05-04","1","0","0"
"2020-05-04","4","0","0"
"2020-05-04","2","0","0"
"2020-05-04","1","0","0"
"2020-05-04","1","0","0"
"2020-05-05","1","0","0"
"2020-05-05","1","0","0"
"2020-05-05","16","0","0"
"2020-05-05","1","0","1"
"2020-05-05","1","0","0"
"2020-05-05","14","0","2"
"2020-05-05","2","0","0"
"2020-05-05","2","0","0"
"2020-05-05","5","0","0"
"2020-05-05","1","0","0"
"2020-05-06","1","0","0"
"2020-05-06","2","0","0"
"2020-05-06","1","0","0"
"2020-05-06","21","0","3"
"2020-05-06","2","0","0"
"2020-05-06","2","0","0"
"2020-05-06","1","0","0"
"2020-05-06","1","0","0"
"2020-05-06","8","0","1"
"2020-05-06","1","0","0"
"2020-05-06","1","0","0"
"2020-05-06","1","0","0"
"2020-05-06","4","0","0"
"2020-05-06","1","0","0"
"2020-05-07","3","0","0"
"2020-05-07","1","0","0"
"2020-05-07","20","1","0"
"2020-05-07","4","0","0"
"2020-05-07","1","0","0"
"2020-05-07","1","0","0"
"2020-05-07","14","0","1"
"2020-05-07","1","0","0"
"2020-05-07","4","0","0"
"2020-05-07","2","0","0"
"2020-05-07","1","0","0"
"2020-05-07","4","0","0"
"2020-05-07","1","0","0"
"2020-05-07","2","0","0"
"2020-05-07","2","0","0"
"2020-05-08","3","0","1"
"2020-05-08","1","0","0"
"2020-05-08","23","1","2"
"2020-05-08","4","0","0"
"2020-05-08","1","0","0"
"2020-05-08","10","1","1"
"2020-05-08","3","0","1"
"2020-05-08","6","0","0"
"2020-05-08","1","0","0"
"2020-05-08","2","0","0"
"2020-05-09","2","0","0"
"2020-05-09","9","0","2"
"2020-05-09","1","0","0"
"2020-05-09","1","0","0"
"2020-05-09","9","0","0"
"2020-05-09","3","0","1"
"2020-05-09","1","0","0"
"2020-05-09","2","0","0"
"2020-05-09","2","0","0"
"2020-05-10","1","0","0"
"2020-05-10","6","0","0"
"2020-05-10","2","0","0"
"2020-05-10","1","0","0"
"2020-05-10","9","0","0"
"2020-05-10","8","0","0"
"2020-05-10","1","0","0"
"2020-05-10","1","0","0"
"2020-05-10","2","0","0"
"2020-05-10","1","0","0"
"2020-05-10","1","0","0"
"2020-05-11","1","0","0"
"2020-05-11","1","0","0"
"2020-05-11","2","0","0"
"2020-05-11","30","1","3"
"2020-05-11","2","0","0"
"2020-05-11","1","0","0"
"2020-05-11","11","0","1"
"2020-05-11","5","0","0"
"2020-05-11","1","0","1"
"2020-05-11","2","0","0"
"2020-05-11","3","0","0"
"2020-05-11","1","0","0"
"2020-05-12","3","0","0"
"2020-05-12","21","1","3"
"2020-05-12","4","0","0"
"2020-05-12","1","0","0"
"2020-05-12","5","1","0"
"2020-05-12","1","0","0"
"2020-05-12","1","0","0"
"2020-05-12","3","0","0"
"2020-05-12","1","0","0"
"2020-05-12","2","0","1"
"2020-05-13","3","0","0"
"2020-05-13","22","1","1"
"2020-05-13","5","0","0"
"2020-05-13","1","0","0"
"2020-05-13","1","0","0"
"2020-05-13","27","0","3"
"2020-05-13","3","0","0"
"2020-05-13","2","0","0"
"2020-05-13","2","0","0"
"2020-05-13","1","0","0"
"2020-05-13","1","0","0"
"2020-05-13","1","0","0"
"2020-05-14","1","0","0"
"2020-05-14","1","0","0"
"2020-05-14","1","0","0"
"2020-05-14","27","0","1"
"2020-05-14","3","0","1"
"2020-05-14","1","0","0"
"2020-05-14","8","0","2"
"2020-05-14","3","0","0"
"2020-05-14","1","0","1"
"2020-05-14","2","0","0"
"2020-05-14","2","0","0"
"2020-05-15","1","0","0"
"2020-05-15","2","0","0"
"2020-05-15","26","1","0"
"2020-05-15","1","0","0"
"2020-05-15","1","0","0"
"2020-05-15","3","0","0"
"2020-05-15","1","0","0"
"2020-05-15","1","0","0"
"2020-05-15","16","0","1"
"2020-05-15","3","0","0"
"2020-05-15","1","0","1"
"2020-05-15","1","0","0"
"2020-05-15","5","0","0"
"2020-05-15","2","0","0"
"2020-05-15","1","0","0"
"2020-05-16","2","0","0"
"2020-05-16","2","0","0"
"2020-05-16","1","0","0"
"2020-05-16","13","1","1"
"2020-05-16","3","0","2"
"2020-05-16","10","1","1"
"2020-05-16","4","0","0"
"2020-05-16","3","0","0"
"2020-05-16","1","0","0"
"2020-05-17","1","0","0"
"2020-05-17","2","0","1"
"2020-05-17","14","0","2"
"2020-05-17","3","0","0"
"2020-05-17","1","0","0"
"2020-05-17","12","0","0"
"2020-05-17","4","0","0"
"2020-05-17","3","0","0"
"2020-05-17","1","0","0"
"2020-05-18","1","0","0"
"2020-05-18","1","0","0"
"2020-05-18","2","0","0"
"2020-05-18","31","1","4"
"2020-05-18","5","0","1"
"2020-05-18","1","0","0"
"2020-05-18","1","0","0"
"2020-05-18","1","0","0"
"2020-05-18","9","0","0"
"2020-05-18","4","0","1"
"2020-05-18","3","0","1"
"2020-05-18","1","0","0"
"2020-05-18","1","0","0"
"2020-05-19","2","0","0"
"2020-05-19","1","0","0"
"2020-05-19","18","0","4"
"2020-05-19","3","0","0"
"2020-05-19","14","0","0"
"2020-05-19","3","0","1"
"2020-05-19","1","0","0"
"2020-05-19","1","0","0"
"2020-05-19","7","0","0"
"2020-05-19","4","0","0"
"2020-05-19","2","0","0"
"2020-05-20","2","0","0"
"2020-05-20","2","0","0"
"2020-05-20","17","0","1"
"2020-05-20","2","0","0"
"2020-05-20","20","0","1"
"2020-05-20","2","0","0"
"2020-05-20","1","0","0"
"2020-05-20","3","0","0"
"2020-05-20","1","0","0"
"2020-05-21","1","0","0"
"2020-05-21","3","0","1"
"2020-05-21","19","0","1"
"2020-05-21","1","0","0"
"2020-05-21","1","0","0"
"2020-05-21","10","0","1"
"2020-05-21","6","0","1"
"2020-05-21","2","0","0"
"2020-05-21","2","0","0"
"2020-05-21","3","0","0"
"2020-05-22","27","0","3"
"2020-05-22","1","0","0"
"2020-05-22","1","0","0"
"2020-05-22","14","0","0"
"2020-05-22","6","0","0"
"2020-05-22","2","0","0"
"2020-05-22","1","0","0"
"2020-05-22","1","0","0"
"2020-05-22","1","0","0"
"2020-05-22","2","0","0"
"2020-05-22","2","0","0"
"2020-05-22","2","0","0"
"2020-05-23","3","0","0"
"2020-05-23","13","0","3"
"2020-05-23","4","0","0"
"2020-05-23","1","0","0"
"2020-05-23","9","0","3"
"2020-05-23","2","0","0"
"2020-05-23","2","0","0"
"2020-05-24","4","0","1"
"2020-05-24","11","1","3"
"2020-05-24","12","2","0"
"2020-05-24","6","0","1"
"2020-05-24","1","0","0"
"2020-05-24","4","0","0"
"2020-05-24","1","0","0"
"2020-05-25","2","0","0"
"2020-05-25","13","0","1"
"2020-05-25","2","0","0"
"2020-05-25","11","0","0"
"2020-05-25","2","0","0"
"2020-05-25","1","0","0"
"2020-05-25","4","0","0"
"2020-05-26","2","0","0"
"2020-05-26","5","0","1"
"2020-05-26","26","0","2"
"2020-05-26","3","0","0"
"2020-05-26","1","0","0"
"2020-05-26","1","0","0"
"2020-05-26","14","0","0"
"2020-05-26","3","0","0"
"2020-05-26","1","0","0"
"2020-05-26","6","0","0"
"2020-05-26","1","0","0"
"2020-05-26","1","0","0"
"2020-05-27","1","0","0"
"2020-05-27","16","0","3"
"2020-05-27","2","0","1"
"2020-05-27","1","0","0"
"2020-05-27","1","0","0"
"2020-05-27","20","0","0"
"2020-05-27","4","0","1"
"2020-05-27","1","0","0"
"2020-05-27","1","0","0"
"2020-05-27","10","0","0"
"2020-05-27","1","0","0"
"2020-05-27","1","0","0"
"2020-05-28","1","0","0"
"2020-05-28","1","0","0"
"2020-05-28","29","1","3"
"2020-05-28","4","0","0"
"2020-05-28","1","0","0"
"2020-05-28","1","0","0"
"2020-05-28","15","0","0"
"2020-05-28","1","0","0"
"2020-05-28","3","0","0"
"2020-05-28","7","0","0"
"2020-05-28","1","0","0"
"2020-05-28","1","0","0"
"2020-05-28","3","0","0"
"2020-05-29","1","0","0"
"2020-05-29","2","0","2"
"2020-05-29","25","1","1"
"2020-05-29","3","0","0"
"2020-05-29","1","0","0"
"2020-05-29","1","0","0"
"2020-05-29","24","0","0"
"2020-05-29","5","0","0"
"2020-05-29","6","0","0"
"2020-05-29","2","0","0"
"2020-05-29","1","0","0"
"2020-05-29","2","0","0"
"2020-05-30","1","0","0"
"2020-05-30","2","0","0"
"2020-05-30","18","0","0"
"2020-05-30","2","0","1"
"2020-05-30","1","0","0"
"2020-05-30","14","0","1"
"2020-05-30","3","0","0"
"2020-05-30","2","0","0"
"2020-05-30","1","0","0"
"2020-05-30","2","0","0"
"2020-05-30","2","0","0"
"2020-05-30","1","0","0"
"2020-05-31","1","0","0"
"2020-05-31","7","0","0"
"2020-05-31","5","0","2"
"2020-05-31","5","0","0"
"2020-05-31","1","0","0"
"2020-05-31","1","0","0"
"2020-05-31","1","0","0"
"2020-05-31","1","0","0"
"2020-06-01","3","0","1"
"2020-06-01","2","0","0"
"2020-06-01","2","0","0"
"2020-06-01","30","0","6"
"2020-06-01","2","0","0"
"2020-06-01","1","0","0"
"2020-06-01","41","0","2"
"2020-06-01","6","0","1"
"2020-06-01","2","0","0"
"2020-06-01","1","0","0"
"2020-06-01","5","0","0"
"2020-06-01","1","0","0"
"2020-06-01","2","0","0"
"2020-06-02","17","1","0"
"2020-06-02","3","0","0"
"2020-06-02","1","0","0"
"2020-06-02","20","0","1"
"2020-06-02","1","0","0"
"2020-06-02","4","0","1"
"2020-06-02","1","0","0"
"2020-06-02","1","0","0"
"2020-06-02","2","0","0"
"2020-06-02","2","0","0"
"2020-06-03","1","0","0"
"2020-06-03","26","0","3"
"2020-06-03","4","0","0"
"2020-06-03","1","0","0"
"2020-06-03","19","0","0"
"2020-06-03","2","0","1"
"2020-06-03","2","0","0"
"2020-06-03","3","0","0"
"2020-06-03","1","0","0"
"2020-06-04","1","0","0"
"2020-06-04","2","0","0"
"2020-06-04","3","0","0"
"2020-06-04","20","0","0"
"2020-06-04","3","0","0"
"2020-06-04","1","0","0"
"2020-06-04","18","0","0"
"2020-06-04","4","0","1"
"2020-06-04","3","0","0"
"2020-06-04","1","0","0"
"2020-06-04","5","0","0"
"2020-06-04","1","0","0"
"2020-06-05","1","0","1"
"2020-06-05","2","0","0"
"2020-06-05","1","0","0"
"2020-06-05","17","0","1"
"2020-06-05","3","0","1"
"2020-06-05","1","0","0"
"2020-06-05","1","0","0"
"2020-06-05","1","0","0"
"2020-06-05","1","0","0"
"2020-06-05","18","0","3"
"2020-06-05","3","0","0"
"2020-06-05","5","0","0"
"2020-06-05","1","0","0"
"2020-06-05","5","0","0"
"2020-06-06","2","0","0"
"2020-06-06","1","0","0"
"2020-06-06","12","0","2"
"2020-06-06","1","0","0"
"2020-06-06","1","0","0"
"2020-06-06","13","0","1"
"2020-06-06","4","0","1"
"2020-06-06","3","0","0"
"2020-06-06","2","0","0"
"2020-06-06","2","0","0"
"2020-06-06","3","0","0"
"2020-06-07","2","0","0"
"2020-06-07","7","0","2"
"2020-06-07","2","0","0"
"2020-06-07","1","0","0"
"2020-06-07","11","0","1"
"2020-06-07","2","0","0"
"2020-06-07","2","0","0"
"2020-06-07","1","0","0"
"2020-06-08","1","0","0"
"2020-06-08","1","0","0"
"2020-06-08","2","0","0"
"2020-06-08","3","0","0"
"2020-06-08","1","0","0"
"2020-06-08","27","0","2"
"2020-06-08","1","0","0"
"2020-06-08","1","0","0"
"2020-06-08","1","0","0"
"2020-06-08","24","0","0"
"2020-06-08","8","0","0"
"2020-06-08","1","0","0"
"2020-06-08","1","0","0"
"2020-06-08","1","0","0"
"2020-06-08","6","0","0"
"2020-06-08","1","0","0"
"2020-06-08","3","0","0"
"2020-06-08","1","0","0"
"2020-06-09","1","0","0"
"2020-06-09","2","0","0"
"2020-06-09","15","0","2"
"2020-06-09","1","1","0"
"2020-06-09","1","0","0"
"2020-06-09","1","0","0"
"2020-06-09","15","0","0"
"2020-06-09","4","0","0"
"2020-06-09","1","0","0"
"2020-06-09","1","0","0"
"2020-06-09","1","0","0"
"2020-06-09","3","0","0"
"2020-06-09","2","0","0"
"2020-06-09","3","0","0"
"2020-06-10","1","0","0"
"2020-06-10","1","0","0"
"2020-06-10","1","0","1"
"2020-06-10","22","0","3"
"2020-06-10","6","0","1"
"2020-06-10","3","0","0"
"2020-06-10","2","0","0"
"2020-06-10","18","0","2"
"2020-06-10","5","0","1"
"2020-06-10","1","0","1"
"2020-06-10","1","0","0"
"2020-06-10","10","0","0"
"2020-06-10","2","0","0"
"2020-06-10","2","0","0"
"2020-06-11","1","0","0"
"2020-06-11","1","0","0"
"2020-06-11","1","0","0"
"2020-06-11","4","0","0"
"2020-06-11","18","0","1"
"2020-06-11","3","0","0"
"2020-06-11","2","0","0"
"2020-06-11","1","0","0"
"2020-06-11","1","0","1"
"2020-06-11","15","0","1"
"2020-06-11","5","0","1"
"2020-06-11","1","0","0"
"2020-06-11","1","0","0"
"2020-06-11","4","0","1"
"2020-06-11","5","0","0"
"2020-06-12","1","0","0"
"2020-06-12","3","0","1"
"2020-06-12","4","0","0"
"2020-06-12","22","0","4"
"2020-06-12","4","0","1"
"2020-06-12","1","0","0"
"2020-06-12","1","0","1"
"2020-06-12","19","0","2"
"2020-06-12","4","0","0"
"2020-06-12","2","0","0"
"2020-06-12","6","0","0"
"2020-06-12","2","0","0"
"2020-06-12","2","0","1"
"2020-06-12","1","0","0"
"2020-06-13","1","0","0"
"2020-06-13","2","0","0"
"2020-06-13","16","0","3"
"2020-06-13","1","0","0"
"2020-06-13","1","0","0"
"2020-06-13","9","0","0"
"2020-06-13","5","0","0"
"2020-06-13","2","0","0"
"2020-06-13","1","0","0"
"2020-06-13","1","0","0"
"2020-06-14","2","0","0"
"2020-06-14","3","0","1"
"2020-06-14","15","0","2"
"2020-06-14","1","0","0"
"2020-06-14","2","0","0"
"2020-06-14","1","0","0"
"2020-06-14","20","0","1"
"2020-06-14","4","0","0"
"2020-06-14","1","0","0"
"2020-06-14","2","0","0"
"2020-06-14","1","0","0"
"2020-06-15","3","0","0"
"2020-06-15","2","0","0"
"2020-06-15","2","0","0"
"2020-06-15","39","0","3"
"2020-06-15","2","0","0"
"2020-06-15","1","0","0"
"2020-06-15","2","0","0"
"2020-06-15","1","0","0"
"2020-06-15","21","0","0"
"2020-06-15","4","0","0"
"2020-06-15","2","0","0"
"2020-06-15","1","0","0"
"2020-06-15","1","0","0"
"2020-06-15","1","0","0"
"2020-06-15","8","0","0"
"2020-06-15","1","0","0"
"2020-06-15","4","0","0"
"2020-06-15","3","0","0"
"2020-06-16","1","0","1"
"2020-06-16","1","0","0"
"2020-06-16","3","0","0"
"2020-06-16","1","0","0"
"2020-06-16","2","0","0"
"2020-06-16","1","0","0"
"2020-06-16","30","0","1"
"2020-06-16","2","0","0"
"2020-06-16","1","0","0"
"2020-06-16","1","0","0"
"2020-06-16","33","1","0"
"2020-06-16","7","0","1"
"2020-06-16","5","0","0"
"2020-06-16","1","0","0"
"2020-06-16","1","0","0"
"2020-06-16","5","0","0"
"2020-06-16","3","0","0"
"2020-06-16","4","0","0"
"2020-06-17","3","0","0"
"2020-06-17","3","0","1"
"2020-06-17","3","0","0"
"2020-06-17","1","0","0"
"2020-06-17","33","0","0"
"2020-06-17","6","0","1"
"2020-06-17","1","0","0"
"2020-06-17","1","0","0"
"2020-06-17","1","0","0"
"2020-06-17","21","0","0"
"2020-06-17","12","0","0"
"2020-06-17","6","0","0"
"2020-06-17","12","0","0"
"2020-06-17","2","0","0"
"2020-06-17","3","0","0"
"2020-06-17","4","0","0"
"2020-06-18","2","0","0"
"2020-06-18","1","0","1"
"2020-06-18","1","0","0"
"2020-06-18","2","0","0"
"2020-06-18","33","0","2"
"2020-06-18","7","0","0"
"2020-06-18","22","0","1"
"2020-06-18","4","0","0"
"2020-06-18","4","0","0"
"2020-06-18","2","0","0"
"2020-06-18","9","0","0"
"2020-06-18","1","0","0"
"2020-06-18","1","0","0"
"2020-06-18","2","0","1"
"2020-06-19","1","0","0"
"2020-06-19","1","0","0"
"2020-06-19","1","0","0"
"2020-06-19","4","0","0"
"2020-06-19","1","0","0"
"2020-06-19","34","0","2"
"2020-06-19","7","0","0"
"2020-06-19","1","0","0"
"2020-06-19","1","0","0"
"2020-06-19","33","0","1"
"2020-06-19","9","0","1"
"2020-06-19","7","0","0"
"2020-06-19","3","0","0"
"2020-06-19","3","0","0"
"2020-06-19","1","0","0"
"2020-06-20","1","0","0"
"2020-06-20","1","0","0"
"2020-06-20","5","0","0"
"2020-06-20","30","0","4"
"2020-06-20","1","0","0"
"2020-06-20","1","0","0"
"2020-06-20","1","0","0"
"2020-06-20","1","0","0"
"2020-06-20","28","0","1"
"2020-06-20","11","0","0"
"2020-06-20","4","0","0"
"2020-06-20","10","0","0"
"2020-06-20","1","0","0"
"2020-06-20","1","0","0"
"2020-06-20","1","0","0"
"2020-06-21","2","0","0"
"2020-06-21","1","0","0"
"2020-06-21","3","0","0"
"2020-06-21","1","0","0"
"2020-06-21","32","0","3"
"2020-06-21","7","0","1"
"2020-06-21","4","0","0"
"2020-06-21","1","0","1"
"2020-06-21","27","0","2"
"2020-06-21","6","0","0"
"2020-06-21","1","0","0"
"2020-06-21","3","0","0"
"2020-06-21","1","0","0"
"2020-06-21","3","0","0"
"2020-06-22","1","0","0"
"2020-06-22","2","0","0"
"2020-06-22","7","0","0"
"2020-06-22","1","0","0"
"2020-06-22","50","0","3"
"2020-06-22","13","0","1"
"2020-06-22","2","0","0"
"2020-06-22","1","0","0"
"2020-06-22","1","0","0"
"2020-06-22","2","0","0"
"2020-06-22","50","0","3"
"2020-06-22","11","0","0"
"2020-06-22","6","0","1"
"2020-06-22","1","0","0"
"2020-06-22","1","0","0"
"2020-06-22","12","0","0"
"2020-06-22","2","0","0"
"2020-06-22","1","0","0"
"2020-06-22","2","0","0"
"2020-06-23","3","0","0"
"2020-06-23","1","0","0"
"2020-06-23","8","0","0"
"2020-06-23","1","0","0"
"2020-06-23","41","0","3"
"2020-06-23","13","0","1"
"2020-06-23","4","0","0"
"2020-06-23","1","0","0"
"2020-06-23","36","0","0"
"2020-06-23","17","0","0"
"2020-06-23","5","0","0"
"2020-06-23","1","0","0"
"2020-06-23","1","0","0"
"2020-06-23","2","0","0"
"2020-06-23","9","0","0"
"2020-06-23","4","0","0"
"2020-06-23","6","0","0"
"2020-06-24","4","0","1"
"2020-06-24","2","0","0"
"2020-06-24","2","0","0"
"2020-06-24","1","0","0"
"2020-06-24","4","0","0"
"2020-06-24","1","0","0"
"2020-06-24","42","0","1"
"2020-06-24","10","0","1"
"2020-06-24","2","0","0"
"2020-06-24","2","0","0"
"2020-06-24","1","0","0"
"2020-06-24","42","0","1"
"2020-06-24","14","1","3"
"2020-06-24","5","0","0"
"2020-06-24","1","0","0"
"2020-06-24","1","0","0"
"2020-06-24","1","0","0"
"2020-06-24","8","0","1"
"2020-06-24","6","0","0"
"2020-06-24","1","0","1"
"2020-06-24","6","0","1"
"2020-06-25","3","0","0"
"2020-06-25","1","0","0"
"2020-06-25","1","0","0"
"2020-06-25","3","0","0"
"2020-06-25","2","0","1"
"2020-06-25","52","0","2"
"2020-06-25","5","0","0"
"2020-06-25","2","0","0"
"2020-06-25","1","0","0"
"2020-06-25","1","0","0"
"2020-06-25","1","0","0"
"2020-06-25","33","0","1"
"2020-06-25","12","0","1"
"2020-06-25","5","0","0"
"2020-06-25","12","0","1"
"2020-06-25","2","0","0"
"2020-06-25","1","0","0"
"2020-06-25","4","0","0"
"2020-06-26","2","0","0"
"2020-06-26","1","0","1"
"2020-06-26","3","0","0"
"2020-06-26","2","0","0"
"2020-06-26","56","0","4"
"2020-06-26","12","0","0"
"2020-06-26","4","0","0"
"2020-06-26","1","0","0"
"2020-06-26","1","0","0"
"2020-06-26","2","0","0"
"2020-06-26","1","0","0"
"2020-06-26","1","0","0"
"2020-06-26","1","0","0"
"2020-06-26","1","0","0"
"2020-06-26","46","0","2"
"2020-06-26","15","0","0"
"2020-06-26","1","0","0"
"2020-06-26","2","0","0"
"2020-06-26","1","0","0"
"2020-06-26","8","0","0"
"2020-06-26","4","0","0"
"2020-06-26","6","0","0"
"2020-06-27","3","0","1"
"2020-06-27","1","0","0"
"2020-06-27","2","0","0"
"2020-06-27","2","0","0"
"2020-06-27","30","0","4"
"2020-06-27","15","0","1"
"2020-06-27","3","0","0"
"2020-06-27","1","0","0"
"2020-06-27","32","0","1"
"2020-06-27","7","0","1"
"2020-06-27","4","0","0"
"2020-06-27","1","0","0"
"2020-06-27","1","0","0"
"2020-06-27","6","0","0"
"2020-06-27","2","0","0"
"2020-06-27","6","0","0"
"2020-06-27","1","0","1"
"2020-06-28","2","0","0"
"2020-06-28","2","0","0"
"2020-06-28","5","0","1"
"2020-06-28","56","0","8"
"2020-06-28","4","0","0"
"2020-06-28","2","0","0"
"2020-06-28","1","0","0"
"2020-06-28","1","0","0"
"2020-06-28","1","0","0"
"2020-06-28","1","0","0"
"2020-06-28","1","0","0"
"2020-06-28","31","0","0"
"2020-06-28","5","0","0"
"2020-06-28","6","0","1"
"2020-06-28","1","0","0"
"2020-06-28","1","0","0"
"2020-06-28","8","0","0"
"2020-06-28","2","0","0"
"2020-06-28","5","0","1"
"2020-06-28","1","0","0"
"2020-06-29","1","0","0"
"2020-06-29","7","0","1"
"2020-06-29","1","0","0"
"2020-06-29","1","0","0"
"2020-06-29","4","1","0"
"2020-06-29","1","0","0"
"2020-06-29","57","0","6"
"2020-06-29","12","0","2"
"2020-06-29","2","0","0"
"2020-06-29","1","0","0"
"2020-06-29","5","0","0"
"2020-06-29","2","0","0"
"2020-06-29","1","0","0"
"2020-06-29","46","0","2"
"2020-06-29","16","0","0"
"2020-06-29","7","0","0"
"2020-06-29","3","0","0"
"2020-06-29","15","0","0"
"2020-06-29","11","0","0"
"2020-06-29","5","0","0"
"2020-06-30","6","0","0"
"2020-06-30","1","0","0"
"2020-06-30","1","0","0"
"2020-06-30","6","0","0"
"2020-06-30","72","0","9"
"2020-06-30","5","0","1"
"2020-06-30","2","0","0"
"2020-06-30","1","0","0"
"2020-06-30","1","0","0"
"2020-06-30","35","0","0"
"2020-06-30","17","0","1"
"2020-06-30","8","0","1"
"2020-06-30","2","0","0"
"2020-06-30","21","0","1"
"2020-06-30","6","0","1"
"2020-06-30","8","0","0"
"2020-06-30","1","0","0"
"2020-06-30","1","0","0"
"2020-07-01","1","0","0"
"2020-07-01","6","0","2"
"2020-07-01","1","0","0"
"2020-07-01","3","0","0"
"2020-07-01","1","0","0"
"2020-07-01","76","0","5"
"2020-07-01","12","0","0"
"2020-07-01","3","0","0"
"2020-07-01","1","0","0"
"2020-07-01","3","0","0"
"2020-07-01","54","0","0"
"2020-07-01","17","0","1"
"2020-07-01","6","0","0"
"2020-07-01","3","0","0"
"2020-07-01","1","0","0"
"2020-07-01","1","0","0"
"2020-07-01","2","0","0"
"2020-07-01","14","0","0"
"2020-07-01","6","0","0"
"2020-07-01","6","0","0"
"2020-07-01","1","0","0"
"2020-07-02","1","0","0"
"2020-07-02","2","0","0"
"2020-07-02","2","0","0"
"2020-07-02","1","0","0"
"2020-07-02","3","0","0"
"2020-07-02","56","0","3"
"2020-07-02","12","0","2"
"2020-07-02","1","0","1"
"2020-07-02","6","0","0"
"2020-07-02","48","0","0"
"2020-07-02","18","0","1"
"2020-07-02","10","0","1"
"2020-07-02","2","0","0"
"2020-07-02","1","0","0"
"2020-07-02","1","0","0"
"2020-07-02","20","0","0"
"2020-07-02","1","0","0"
"2020-07-02","1","0","0"
"2020-07-02","1","0","1"
"2020-07-02","1","0","0"
"2020-07-03","5","0","0"
"2020-07-03","1","0","0"
"2020-07-03","5","0","0"
"2020-07-03","50","0","4"
"2020-07-03","17","1","0"
"2020-07-03","1","0","0"
"2020-07-03","1","0","0"
"2020-07-03","2","0","0"
"2020-07-03","1","0","0"
"2020-07-03","49","0","2"
"2020-07-03","8","0","1"
"2020-07-03","5","0","0"
"2020-07-03","11","0","0"
"2020-07-03","3","0","0"
"2020-07-03","4","0","0"
"2020-07-03","1","0","0"
"2020-07-04","1","0","0"
"2020-07-04","1","0","0"
"2020-07-04","5","0","0"
"2020-07-04","2","0","0"
"2020-07-04","1","0","0"
"2020-07-04","3","0","0"
"2020-07-04","44","0","2"
"2020-07-04","6","0","0"
"2020-07-04","3","0","0"
"2020-07-04","1","0","0"
"2020-07-04","1","0","0"
"2020-07-04","37","0","1"
"2020-07-04","7","1","0"
"2020-07-04","4","0","0"
"2020-07-04","1","0","0"
"2020-07-04","2","0","0"
"2020-07-04","8","0","0"
"2020-07-04","2","0","0"
"2020-07-04","1","0","0"
"2020-07-04","3","0","0"
"2020-07-05","3","0","0"
"2020-07-05","4","0","0"
"2020-07-05","1","0","0"
"2020-07-05","52","1","9"
"2020-07-05","12","0","0"
"2020-07-05","2","0","1"
"2020-07-05","1","0","0"
"2020-07-05","1","0","0"
"2020-07-05","35","0","1"
"2020-07-05","10","0","1"
"2020-07-05","3","0","0"
"2020-07-05","3","0","0"
"2020-07-05","1","0","0"
"2020-07-05","1","0","0"
"2020-07-05","9","0","1"
"2020-07-05","4","0","0"
"2020-07-05","3","0","0"
"2020-07-05","3","0","0"
"2020-07-06","1","0","0"
"2020-07-06","9","0","1"
"2020-07-06","2","0","0"
"2020-07-06","1","0","0"
"2020-07-06","1","0","0"
"2020-07-06","7","0","0"
"2020-07-06","1","0","0"
"2020-07-06","72","0","4"
"2020-07-06","12","0","0"
"2020-07-06","3","0","0"
"2020-07-06","2","0","1"
"2020-07-06","2","0","0"
"2020-07-06","1","0","0"
"2020-07-06","67","0","3"
"2020-07-06","19","0","0"
"2020-07-06","8","0","2"
"2020-07-06","2","0","0"
"2020-07-06","2","0","0"
"2020-07-06","1","0","0"
"2020-07-06","21","0","0"
"2020-07-06","9","0","1"
"2020-07-06","1","0","0"
"2020-07-06","7","0","0"
"2020-07-06","1","0","1"
"2020-07-07","2","0","1"
"2020-07-07","4","0","0"
"2020-07-07","4","0","0"
"2020-07-07","2","0","0"
"2020-07-07","1","0","0"
"2020-07-07","85","1","11"
"2020-07-07","12","0","0"
"2020-07-07","1","0","0"
"2020-07-07","3","0","2"
"2020-07-07","3","0","0"
"2020-07-07","1","0","0"
"2020-07-07","2","0","0"
"2020-07-07","1","0","0"
"2020-07-07","60","0","2"
"2020-07-07","15","0","1"
"2020-07-07","5","0","0"
"2020-07-07","2","0","0"
"2020-07-07","1","0","0"
"2020-07-07","1","0","0"
"2020-07-07","24","0","0"
"2020-07-07","8","0","0"
"2020-07-07","3","0","0"
"2020-07-07","1","0","0"
"2020-07-08","1","0","0"
"2020-07-08","2","0","0"
"2020-07-08","1","0","0"
"2020-07-08","6","0","0"
"2020-07-08","57","0","3"
"2020-07-08","14","0","3"
"2020-07-08","1","0","0"
"2020-07-08","2","0","0"
"2020-07-08","1","0","1"
"2020-07-08","1","0","0"
"2020-07-08","1","0","0"
"2020-07-08","2","0","0"
"2020-07-08","1","0","0"
"2020-07-08","39","0","1"
"2020-07-08","14","0","0"
"2020-07-08","7","0","0"
"2020-07-08","1","0","0"
"2020-07-08","16","0","1"
"2020-07-08","10","0","0"
"2020-07-08","11","0","0"
"2020-07-08","1","0","0"
"2020-07-09","3","0","0"
"2020-07-09","1","0","0"
"2020-07-09","2","0","0"
"2020-07-09","14","0","0"
"2020-07-09","2","0","0"
"2020-07-09","56","2","4"
"2020-07-09","5","0","1"
"2020-07-09","3","0","0"
"2020-07-09","2","0","0"
"2020-07-09","1","0","0"
"2020-07-09","1","0","0"
"2020-07-09","45","0","2"
"2020-07-09","10","0","0"
"2020-07-09","4","0","0"
"2020-07-09","1","0","0"
"2020-07-09","1","0","0"
"2020-07-09","26","0","0"
"2020-07-09","8","0","0"
"2020-07-09","2","0","0"
"2020-07-09","4","0","0"
"2020-07-09","1","0","0"
"2020-07-10","1","0","0"
"2020-07-10","1","0","0"
"2020-07-10","7","0","0"
"2020-07-10","2","0","0"
"2020-07-10","2","0","0"
"2020-07-10","1","0","0"
"2020-07-10","66","0","2"
"2020-07-10","12","1","1"
"2020-07-10","1","0","0"
"2020-07-10","1","0","0"
"2020-07-10","2","0","0"
"2020-07-10","60","0","2"
"2020-07-10","14","0","3"
"2020-07-10","9","0","0"
"2020-07-10","1","0","0"
"2020-07-10","2","0","0"
"2020-07-10","11","0","0"
"2020-07-10","5","0","0"
"2020-07-10","10","0","0"
"2020-07-11","2","0","0"
"2020-07-11","1","0","0"
"2020-07-11","1","0","0"
"2020-07-11","1","0","0"
"2020-07-11","58","0","4"
"2020-07-11","8","0","1"
"2020-07-11","1","0","0"
"2020-07-11","1","0","0"
"2020-07-11","1","0","0"
"2020-07-11","43","0","2"
"2020-07-11","15","0","0"
"2020-07-11","6","0","0"
"2020-07-11","1","0","0"
"2020-07-11","12","0","1"
"2020-07-11","3","0","0"
"2020-07-11","1","0","0"
"2020-07-11","5","0","0"
"2020-07-11","1","0","0"
"2020-07-12","1","0","0"
"2020-07-12","1","0","0"
"2020-07-12","2","0","0"
"2020-07-12","1","0","0"
"2020-07-12","3","0","0"
"2020-07-12","2","0","0"
"2020-07-12","49","0","2"
"2020-07-12","8","1","2"
"2020-07-12","2","0","0"
"2020-07-12","1","0","0"
"2020-07-12","1","0","0"
"2020-07-12","50","0","3"
"2020-07-12","11","0","1"
"2020-07-12","3","0","0"
"2020-07-12","1","0","0"
"2020-07-12","6","0","0"
"2020-07-12","2","0","0"
"2020-07-12","5","0","0"
"2020-07-13","8","0","1"
"2020-07-13","1","0","0"
"2020-07-13","7","0","0"
"2020-07-13","1","0","0"
"2020-07-13","82","0","5"
"2020-07-13","9","0","1"
"2020-07-13","4","0","0"
"2020-07-13","1","0","0"
"2020-07-13","5","0","0"
"2020-07-13","1","0","0"
"2020-07-13","1","0","0"
"2020-07-13","63","0","3"
"2020-07-13","22","0","3"
"2020-07-13","4","0","0"
"2020-07-13","2","0","0"
"2020-07-13","2","0","0"
"2020-07-13","21","0","0"
"2020-07-13","10","0","0"
"2020-07-13","2","0","0"
"2020-07-13","4","0","0"
"2020-07-14","1","0","0"
"2020-07-14","2","0","0"
"2020-07-14","69","0","2"
"2020-07-14","19","0","2"
"2020-07-14","2","0","0"
"2020-07-14","1","0","0"
"2020-07-14","4","0","0"
"2020-07-14","2","0","0"
"2020-07-14","56","0","1"
"2020-07-14","19","0","1"
"2020-07-14","7","0","0"
"2020-07-14","2","0","0"
"2020-07-14","1","0","0"
"2020-07-14","14","0","1"
"2020-07-14","5","0","1"
"2020-07-14","2","0","0"
"2020-07-14","8","0","1"
"2020-07-15","3","0","0"
"2020-07-15","5","0","0"
"2020-07-15","72","0","2"
"2020-07-15","10","0","2"
"2020-07-15","1","0","0"
"2020-07-15","1","0","0"
"2020-07-15","57","0","3"
"2020-07-15","16","0","0"
"2020-07-15","8","0","2"
"2020-07-15","2","0","0"
"2020-07-15","1","0","0"
"2020-07-15","1","0","1"
"2020-07-15","1","0","0"
"2020-07-15","15","0","0"
"2020-07-15","9","0","0"
"2020-07-15","4","0","0"
"2020-07-15","4","0","0"
"2020-07-16","5","0","0"
"2020-07-16","2","0","0"
"2020-07-16","3","0","0"
"2020-07-16","6","0","0"
"2020-07-16","1","0","0"
"2020-07-16","64","1","5"
"2020-07-16","6","0","1"
"2020-07-16","1","0","0"
"2020-07-16","6","0","0"
"2020-07-16","1","0","0"
"2020-07-16","1","0","0"
"2020-07-16","1","0","0"
"2020-07-16","52","0","0"
"2020-07-16","8","1","2"
"2020-07-16","6","0","1"
"2020-07-16","1","0","0"
"2020-07-16","3","0","0"
"2020-07-16","11","0","0"
"2020-07-16","9","0","0"
"2020-07-16","2","0","0"
"2020-07-16","9","0","0"
"2020-07-16","1","0","0"
"2020-07-17","5","0","0"
"2020-07-17","2","0","1"
"2020-07-17","3","0","0"
"2020-07-17","1","0","0"
"2020-07-17","51","1","4"
"2020-07-17","13","0","1"
"2020-07-17","1","0","0"
"2020-07-17","2","0","0"
"2020-07-17","1","0","0"
"2020-07-17","1","0","0"
"2020-07-17","2","0","0"
"2020-07-17","1","0","0"
"2020-07-17","50","0","1"
"2020-07-17","14","0","0"
"2020-07-17","6","0","1"
"2020-07-17","1","0","1"
"2020-07-17","12","0","0"
"2020-07-17","8","0","0"
"2020-07-17","1","0","0"
"2020-07-17","6","0","0"
"2020-07-18","1","0","0"
"2020-07-18","2","0","0"
"2020-07-18","4","0","1"
"2020-07-18","39","0","4"
"2020-07-18","10","0","2"
"2020-07-18","1","0","0"
"2020-07-18","3","0","0"
"2020-07-18","1","0","0"
"2020-07-18","1","0","0"
"2020-07-18","1","0","0"
"2020-07-18","3","0","1"
"2020-07-18","42","0","5"
"2020-07-18","7","0","0"
"2020-07-18","1","0","0"
"2020-07-18","8","0","0"
"2020-07-18","2","0","1"
"2020-07-18","1","0","0"
"2020-07-18","1","0","0"
"2020-07-18","11","0","0"
"2020-07-18","2","0","0"
"2020-07-18","4","0","0"
"2020-07-19","5","0","0"
"2020-07-19","1","0","0"
"2020-07-19","43","0","3"
"2020-07-19","6","0","1"
"2020-07-19","1","0","0"
"2020-07-19","1","0","0"
"2020-07-19","2","0","0"
"2020-07-19","1","0","0"
"2020-07-19","36","0","4"
"2020-07-19","14","0","0"
"2020-07-19","4","0","1"
"2020-07-19","1","0","0"
"2020-07-19","1","0","0"
"2020-07-19","3","0","0"
"2020-07-19","2","0","0"
"2020-07-19","4","0","0"
"2020-07-19","1","0","0"
"2020-07-19","1","0","0"
"2020-07-20","3","0","1"
"2020-07-20","9","0","0"
"2020-07-20","1","0","0"
"2020-07-20","1","0","0"
"2020-07-20","66","1","2"
"2020-07-20","20","0","2"
"2020-07-20","1","0","0"
"2020-07-20","3","0","0"
"2020-07-20","6","0","0"
"2020-07-20","56","0","4"
"2020-07-20","12","0","2"
"2020-07-20","2","0","0"
"2020-07-20","1","0","0"
"2020-07-20","1","0","0"
"2020-07-20","16","0","0"
"2020-07-20","5","0","0"
"2020-07-20","11","0","1"
"2020-07-20","2","0","0"
"2020-07-21","3","0","0"
"2020-07-21","2","0","0"
"2020-07-21","1","0","0"
"2020-07-21","3","0","0"
"2020-07-21","1","0","0"
"2020-07-21","48","0","9"
"2020-07-21","11","0","1"
"2020-07-21","1","0","0"
"2020-07-21","1","0","0"
"2020-07-21","1","0","0"
"2020-07-21","2","0","0"
"2020-07-21","2","0","0"
"2020-07-21","1","0","0"
"2020-07-21","50","1","2"
"2020-07-21","12","0","1"
"2020-07-21","1","0","0"
"2020-07-21","6","0","0"
"2020-07-21","1","0","1"
"2020-07-21","13","0","0"
"2020-07-21","8","0","0"
"2020-07-21","4","0","1"
"2020-07-21","3","0","0"
"2020-07-22","1","0","0"
"2020-07-22","5","0","0"
"2020-07-22","1","0","0"
"2020-07-22","6","0","0"
"2020-07-22","49","0","1"
"2020-07-22","7","0","2"
"2020-07-22","2","0","0"
"2020-07-22","1","0","0"
"2020-07-22","2","0","1"
"2020-07-22","62","2","4"
"2020-07-22","13","0","1"
"2020-07-22","4","0","0"
"2020-07-22","4","0","0"
"2020-07-22","2","0","0"
"2020-07-22","17","0","0"
"2020-07-22","2","0","0"
"2020-07-22","5","0","0"
"2020-07-22","2","0","1"
"2020-07-23","1","0","0"
"2020-07-23","3","0","0"
"2020-07-23","1","0","0"
"2020-07-23","1","0","0"
"2020-07-23","5","0","0"
"2020-07-23","41","1","4"
"2020-07-23","10","0","3"
"2020-07-23","1","0","0"
"2020-07-23","2","0","0"
"2020-07-23","1","0","0"
"2020-07-23","1","0","0"
"2020-07-23","43","0","2"
"2020-07-23","6","0","1"
"2020-07-23","2","0","0"
"2020-07-23","3","0","0"
"2020-07-23","2","0","0"
"2020-07-23","16","0","1"
"2020-07-23","5","0","0"
"2020-07-23","4","0","0"
"2020-07-24","1","0","0"
"2020-07-24","1","0","0"
"2020-07-24","1","0","0"
"2020-07-24","2","0","0"
"2020-07-24","3","0","0"
"2020-07-24","57","0","7"
"2020-07-24","6","0","0"
"2020-07-24","1","0","0"
"2020-07-24","2","0","0"
"2020-07-24","1","0","0"
"2020-07-24","1","0","0"
"2020-07-24","1","0","0"
"2020-07-24","42","0","6"
"2020-07-24","14","0","2"
"2020-07-24","1","0","0"
"2020-07-24","4","0","0"
"2020-07-24","1","0","0"
"2020-07-24","1","0","0"
"2020-07-24","1","0","0"
"2020-07-24","1","0","0"
"2020-07-24","9","0","0"
"2020-07-24","1","0","0"
"2020-07-24","8","0","1"
"2020-07-24","2","0","0"
"2020-07-25","3","0","0"
"2020-07-25","3","0","0"
"2020-07-25","1","0","1"
"2020-07-25","48","1","7"
"2020-07-25","9","0","0"
"2020-07-25","1","0","0"
"2020-07-25","1","0","0"
"2020-07-25","25","0","1"
"2020-07-25","7","0","0"
"2020-07-25","6","0","0"
"2020-07-25","3","0","0"
"2020-07-25","1","0","0"
"2020-07-25","9","0","0"
"2020-07-25","3","0","0"
"2020-07-25","1","0","1"
"2020-07-25","5","0","0"
"2020-07-25","3","0","0"
"2020-07-26","1","0","0"
"2020-07-26","1","0","0"
"2020-07-26","2","0","0"
"2020-07-26","34","0","1"
"2020-07-26","5","1","1"
"2020-07-26","2","0","0"
"2020-07-26","2","0","0"
"2020-07-26","1","0","0"
"2020-07-26","38","0","1"
"2020-07-26","11","0","0"
"2020-07-26","2","0","0"
"2020-07-26","1","0","0"
"2020-07-26","2","0","0"
"2020-07-26","1","0","0"
"2020-07-26","2","0","0"
"2020-07-26","1","0","0"
"2020-07-27","3","0","0"
"2020-07-27","1","0","0"
"2020-07-27","1","0","0"
"2020-07-27","7","0","1"
"2020-07-27","1","0","0"
"2020-07-27","58","0","4"
"2020-07-27","11","0","1"
"2020-07-27","2","0","0"
"2020-07-27","2","0","0"
"2020-07-27","2","0","0"
"2020-07-27","2","0","0"
"2020-07-27","2","0","1"
"2020-07-27","57","0","3"
"2020-07-27","13","0","0"
"2020-07-27","11","0","0"
"2020-07-27","18","0","0"
"2020-07-27","5","0","0"
"2020-07-27","1","0","0"
"2020-07-27","2","0","0"
"2020-07-28","2","0","0"
"2020-07-28","2","0","0"
"2020-07-28","1","0","0"
"2020-07-28","9","0","1"
"2020-07-28","61","0","4"
"2020-07-28","11","0","0"
"2020-07-28","1","0","0"
"2020-07-28","2","0","1"
"2020-07-28","2","0","0"
"2020-07-28","2","0","0"
"2020-07-28","1","0","0"
"2020-07-28","46","0","0"
"2020-07-28","13","0","3"
"2020-07-28","7","0","0"
"2020-07-28","1","0","0"
"2020-07-28","2","0","0"
"2020-07-28","17","0","0"
"2020-07-28","6","0","0"
"2020-07-28","5","0","1"
"2020-07-28","1","0","0"
"2020-07-29","3","0","1"
"2020-07-29","1","0","0"
"2020-07-29","2","0","0"
"2020-07-29","52","0","2"
"2020-07-29","12","0","0"
"2020-07-29","4","0","0"
"2020-07-29","2","0","0"
"2020-07-29","1","0","0"
"2020-07-29","48","0","1"
"2020-07-29","11","1","0"
"2020-07-29","5","0","1"
"2020-07-29","1","0","0"
"2020-07-29","10","0","0"
"2020-07-29","8","0","0"
"2020-07-29","1","0","0"
"2020-07-29","4","0","0"
"2020-07-29","1","0","0"
"2020-07-30","1","0","0"
"2020-07-30","2","0","0"
"2020-07-30","2","0","1"
"2020-07-30","1","0","0"
"2020-07-30","51","0","2"
"2020-07-30","5","0","0"
"2020-07-30","3","0","0"
"2020-07-30","1","0","0"
"2020-07-30","2","0","1"
"2020-07-30","50","0","4"
"2020-07-30","11","0","2"
"2020-07-30","10","0","0"
"2020-07-30","2","0","0"
"2020-07-30","1","0","0"
"2020-07-30","2","0","0"
"2020-07-30","2","0","0"
"2020-07-30","16","0","0"
"2020-07-30","6","0","0"
"2020-07-30","4","0","0"
"2020-07-30","3","0","0"
"2020-07-31","2","0","0"
"2020-07-31","1","0","0"
"2020-07-31","4","0","0"
"2020-07-31","42","2","6"
"2020-07-31","8","1","1"
"2020-07-31","1","0","0"
"2020-07-31","2","0","0"
"2020-07-31","1","0","1"
"2020-07-31","46","0","0"
"2020-07-31","12","0","2"
"2020-07-31","6","0","0"
"2020-07-31","1","0","0"
"2020-07-31","1","0","0"
"2020-07-31","1","0","0"
"2020-07-31","2","0","0"
"2020-07-31","14","0","0"
"2020-07-31","2","0","0"
"2020-07-31","7","0","1"
"2020-07-31","1","0","0"
"2020-08-01","6","0","0"
"2020-08-01","1","0","0"
"2020-08-01","4","0","0"
"2020-08-01","47","1","4"
"2020-08-01","8","0","1"
"2020-08-01","1","0","0"
"2020-08-01","1","0","0"
"2020-08-01","1","0","0"
"2020-08-01","1","0","0"
"2020-08-01","46","0","3"
"2020-08-01","13","0","0"
"2020-08-01","10","0","2"
"2020-08-01","1","0","0"
"2020-08-01","1","0","0"
"2020-08-01","1","0","0"
"2020-08-01","8","0","0"
"2020-08-01","1","0","0"
"2020-08-01","4","0","0"
"2020-08-01","1","0","0"
"2020-08-02","2","0","0"
"2020-08-02","1","0","0"
"2020-08-02","1","0","0"
"2020-08-02","37","1","1"
"2020-08-02","4","0","1"
"2020-08-02","2","0","0"
"2020-08-02","2","0","0"
"2020-08-02","1","0","0"
"2020-08-02","1","0","0"
"2020-08-02","1","0","1"
"2020-08-02","34","1","3"
"2020-08-02","11","0","2"
"2020-08-02","1","0","0"
"2020-08-02","1","0","0"
"2020-08-02","7","0","0"
"2020-08-02","7","0","0"
"2020-08-02","1","0","0"
"2020-08-03","2","0","0"
"2020-08-03","2","0","0"
"2020-08-03","1","0","0"
"2020-08-03","3","0","0"
"2020-08-03","1","0","0"
"2020-08-03","59","3","4"
"2020-08-03","8","0","1"
"2020-08-03","5","0","1"
"2020-08-03","2","0","1"
"2020-08-03","1","0","0"
"2020-08-03","1","0","0"
"2020-08-03","50","0","1"
"2020-08-03","15","0","1"
"2020-08-03","1","0","0"
"2020-08-03","1","0","1"
"2020-08-03","1","0","0"
"2020-08-03","2","0","0"
"2020-08-03","13","0","0"
"2020-08-03","2","0","0"
"2020-08-03","6","0","0"
"2020-08-03","2","0","0"
"2020-08-04","1","0","0"
"2020-08-04","1","0","0"
"2020-08-04","2","0","0"
"2020-08-04","3","0","0"
"2020-08-04","49","1","6"
"2020-08-04","6","0","0"
"2020-08-04","1","0","0"
"2020-08-04","1","0","0"
"2020-08-04","1","0","0"
"2020-08-04","2","0","0"
"2020-08-04","1","0","0"
"2020-08-04","48","0","2"
"2020-08-04","16","0","1"
"2020-08-04","8","0","0"
"2020-08-04","1","0","0"
"2020-08-04","3","0","0"
"2020-08-04","14","0","0"
"2020-08-04","6","0","0"
"2020-08-04","3","0","0"
"2020-08-04","1","0","0"
"2020-08-05","1","0","0"
"2020-08-05","3","0","0"
"2020-08-05","50","0","4"
"2020-08-05","6","0","0"
"2020-08-05","1","0","0"
"2020-08-05","1","0","0"
"2020-08-05","2","0","0"
"2020-08-05","47","0","3"
"2020-08-05","12","1","2"
"2020-08-05","7","0","1"
"2020-08-05","1","0","0"
"2020-08-05","1","0","0"
"2020-08-05","1","0","0"
"2020-08-05","11","0","0"
"2020-08-05","2","0","0"
"2020-08-05","4","0","0"
"2020-08-06","1","0","0"
"2020-08-06","1","0","0"
"2020-08-06","1","0","0"
"2020-08-06","3","0","0"
"2020-08-06","39","0","2"
"2020-08-06","8","0","0"
"2020-08-06","1","0","0"
"2020-08-06","1","0","0"
"2020-08-06","2","1","0"
"2020-08-06","1","0","0"
"2020-08-06","1","0","0"
"2020-08-06","58","0","4"
"2020-08-06","8","0","0"
"2020-08-06","3","0","0"
"2020-08-06","1","0","0"
"2020-08-06","1","0","1"
"2020-08-06","2","0","1"
"2020-08-06","17","0","0"
"2020-08-06","3","0","0"
"2020-08-06","2","0","0"
"2020-08-06","6","0","0"
"2020-08-06","2","0","0"
"2020-08-07","2","0","1"
"2020-08-07","2","0","0"
"2020-08-07","56","0","2"
"2020-08-07","6","0","0"
"2020-08-07","1","0","0"
"2020-08-07","4","0","0"
"2020-08-07","1","0","0"
"2020-08-07","1","0","0"
"2020-08-07","2","0","0"
"2020-08-07","1","0","0"
"2020-08-07","53","0","1"
"2020-08-07","16","0","3"
"2020-08-07","8","0","1"
"2020-08-07","3","0","0"
"2020-08-07","1","0","0"
"2020-08-07","1","0","0"
"2020-08-07","5","0","1"
"2020-08-07","4","0","0"
"2020-08-07","5","0","0"
"2020-08-08","1","0","0"
"2020-08-08","1","0","0"
"2020-08-08","1","0","0"
"2020-08-08","1","0","0"
"2020-08-08","1","0","0"
"2020-08-08","42","2","3"
"2020-08-08","4","0","0"
"2020-08-08","1","0","0"
"2020-08-08","1","0","0"
"2020-08-08","1","0","0"
"2020-08-08","33","0","1"
"2020-08-08","11","0","0"
"2020-08-08","1","0","0"
"2020-08-08","2","0","0"
"2020-08-08","2","0","0"
"2020-08-08","2","0","0"
"2020-08-08","1","0","0"
"2020-08-08","5","0","0"
"2020-08-09","2","0","0"
"2020-08-09","31","1","0"
"2020-08-09","4","2","1"
"2020-08-09","1","0","0"
"2020-08-09","1","0","0"
"2020-08-09","27","0","1"
"2020-08-09","8","1","1"
"2020-08-09","4","0","0"
"2020-08-09","7","0","1"
"2020-08-09","10","0","0"
"2020-08-09","1","0","0"
"2020-08-10","1","0","0"
"2020-08-10","1","0","0"
"2020-08-10","3","0","1"
"2020-08-10","1","0","0"
"2020-08-10","40","0","1"
"2020-08-10","10","0","0"
"2020-08-10","1","0","0"
"2020-08-10","4","0","0"
"2020-08-10","1","0","0"
"2020-08-10","69","0","6"
"2020-08-10","8","0","1"
"2020-08-10","8","0","0"
"2020-08-10","2","0","0"
"2020-08-10","1","0","0"
"2020-08-10","13","0","0"
"2020-08-10","3","0","0"
"2020-08-10","9","0","0"
"2020-08-10","2","0","0"
"2020-08-11","1","0","0"
"2020-08-11","3","0","0"
"2020-08-11","39","1","6"
"2020-08-11","3","0","2"
"2020-08-11","1","0","0"
"2020-08-11","1","0","0"
"2020-08-11","45","0","3"
"2020-08-11","19","0","1"
"2020-08-11","6","0","0"
"2020-08-11","1","0","0"
"2020-08-11","12","0","0"
"2020-08-11","4","0","0"
"2020-08-11","7","0","0"
"2020-08-11","3","0","0"
"2020-08-12","1","0","0"
"2020-08-12","5","0","1"
"2020-08-12","2","0","1"
"2020-08-12","3","0","0"
"2020-08-12","1","0","0"
"2020-08-12","42","0","3"
"2020-08-12","5","1","1"
"2020-08-12","1","0","0"
"2020-08-12","1","0","0"
"2020-08-12","1","0","0"
"2020-08-12","46","0","2"
"2020-08-12","16","0","1"
"2020-08-12","4","0","0"
"2020-08-12","1","0","0"
"2020-08-12","1","0","0"
"2020-08-12","1","0","0"
"2020-08-12","17","0","1"
"2020-08-12","7","0","0"
"2020-08-12","1","0","0"
"2020-08-12","5","0","0"
"2020-08-13","2","0","0"
"2020-08-13","1","0","0"
"2020-08-13","2","0","1"
"2020-08-13","3","0","0"
"2020-08-13","32","0","3"
"2020-08-13","6","0","0"
"2020-08-13","1","0","0"
"2020-08-13","2","0","0"
"2020-08-13","1","0","0"
"2020-08-13","36","2","0"
"2020-08-13","12","0","0"
"2020-08-13","1","0","0"
"2020-08-13","2","0","0"
"2020-08-13","1","0","0"
"2020-08-13","9","0","0"
"2020-08-13","3","0","0"
"2020-08-13","3","0","0"
"2020-08-13","1","0","0"
"2020-08-13","1","0","0"
"2020-08-14","1","0","0"
"2020-08-14","1","0","0"
"2020-08-14","3","0","0"
"2020-08-14","1","0","0"
"2020-08-14","3","0","0"
"2020-08-14","1","0","1"
"2020-08-14","34","0","1"
"2020-08-14","7","0","0"
"2020-08-14","1","0","0"
"2020-08-14","1","0","0"
"2020-08-14","32","0","1"
"2020-08-14","9","0","2"
"2020-08-14","2","0","0"
"2020-08-14","1","0","0"
"2020-08-14","1","0","0"
"2020-08-14","6","0","0"
"2020-08-14","1","0","0"
"2020-08-14","5","0","0"
"2020-08-14","3","0","0"
"2020-08-14","2","0","0"
"2020-08-15","2","0","0"
"2020-08-15","2","0","0"
"2020-08-15","1","0","0"
"2020-08-15","35","0","1"
"2020-08-15","3","0","1"
"2020-08-15","31","0","1"
"2020-08-15","12","1","2"
"2020-08-15","2","0","0"
"2020-08-15","1","0","0"
"2020-08-15","5","0","0"
"2020-08-15","2","0","0"
"2020-08-15","1","0","0"
"2020-08-16","2","0","0"
"2020-08-16","1","0","0"
"2020-08-16","4","0","0"
"2020-08-16","21","1","1"
"2020-08-16","5","0","1"
"2020-08-16","1","0","0"
"2020-08-16","1","0","0"
"2020-08-16","36","0","0"
"2020-08-16","9","2","0"
"2020-08-16","6","0","0"
"2020-08-16","3","0","0"
"2020-08-16","3","0","1"
"2020-08-16","6","0","0"
"2020-08-16","1","0","0"
"2020-08-17","1","0","0"
"2020-08-17","4","0","0"
"2020-08-17","1","0","0"
"2020-08-17","31","0","2"
"2020-08-17","5","0","0"
"2020-08-17","2","0","0"
"2020-08-17","1","0","0"
"2020-08-17","1","0","0"
"2020-08-17","1","0","0"
"2020-08-17","60","0","5"
"2020-08-17","8","0","0"
"2020-08-17","2","0","0"
"2020-08-17","1","0","0"
"2020-08-17","1","0","1"
"2020-08-17","2","0","0"
"2020-08-17","1","0","0"
"2020-08-17","6","0","0"
"2020-08-17","2","0","0"
"2020-08-17","8","0","0"
"2020-08-17","2","0","0"
"2020-08-18","1","0","0"
"2020-08-18","3","0","0"
"2020-08-18","5","0","0"
"2020-08-18","1","0","0"
"2020-08-18","24","0","3"
"2020-08-18","4","0","0"
"2020-08-18","2","0","0"
"2020-08-18","2","0","0"
"2020-08-18","2","0","0"
"2020-08-18","32","0","5"
"2020-08-18","7","0","0"
"2020-08-18","1","0","0"
"2020-08-18","5","0","1"
"2020-08-18","2","0","0"
"2020-08-18","11","0","0"
"2020-08-18","3","0","1"
"2020-08-18","4","0","0"
"2020-08-19","1","0","0"
"2020-08-19","1","0","0"
"2020-08-19","2","0","0"
"2020-08-19","34","0","0"
"2020-08-19","3","0","2"
"2020-08-19","1","0","0"
"2020-08-19","2","0","0"
"2020-08-19","30","1","3"
"2020-08-19","4","0","0"
"2020-08-19","3","0","0"
"2020-08-19","1","0","0"
"2020-08-19","6","0","0"
"2020-08-19","3","0","0"
"2020-08-19","3","0","1"
"2020-08-19","1","0","0"
"2020-08-20","1","0","0"
"2020-08-20","1","0","0"
"2020-08-20","4","0","0"
"2020-08-20","1","0","0"
"2020-08-20","36","0","2"
"2020-08-20","5","0","1"
"2020-08-20","1","0","1"
"2020-08-20","1","0","0"
"2020-08-20","1","0","0"
"2020-08-20","33","1","1"
"2020-08-20","9","0","2"
"2020-08-20","3","0","0"
"2020-08-20","3","0","1"
"2020-08-20","1","0","0"
"2020-08-20","1","0","0"
"2020-08-20","1","0","0"
"2020-08-20","13","0","0"
"2020-08-20","1","0","0"
"2020-08-20","1","0","0"
"2020-08-20","3","0","0"
"2020-08-20","1","0","0"
"2020-08-21","2","0","0"
"2020-08-21","1","0","0"
"2020-08-21","29","0","2"
"2020-08-21","3","0","0"
"2020-08-21","1","0","0"
"2020-08-21","1","0","0"
"2020-08-21","47","2","3"
"2020-08-21","7","0","0"
"2020-08-21","3","0","0"
"2020-08-21","1","0","0"
"2020-08-21","1","0","0"
"2020-08-21","7","0","0"
"2020-08-21","1","0","0"
"2020-08-21","3","0","0"
"2020-08-22","1","0","0"
"2020-08-22","1","0","0"
"2020-08-22","2","0","0"
"2020-08-22","21","0","2"
"2020-08-22","7","0","0"
"2020-08-22","24","0","1"
"2020-08-22","9","1","0"
"2020-08-22","4","0","0"
"2020-08-22","4","0","0"
"2020-08-22","1","0","0"
"2020-08-22","5","0","0"
"2020-08-22","3","0","0"
"2020-08-23","1","0","0"
"2020-08-23","5","0","0"
"2020-08-23","1","0","0"
"2020-08-23","21","0","2"
"2020-08-23","3","1","0"
"2020-08-23","1","0","0"
"2020-08-23","1","0","0"
"2020-08-23","1","0","0"
"2020-08-23","37","0","2"
"2020-08-23","7","0","0"
"2020-08-23","3","0","0"
"2020-08-23","1","0","0"
"2020-08-23","4","0","0"
"2020-08-23","3","0","0"
"2020-08-23","2","0","0"
"2020-08-23","1","0","0"
"2020-08-24","1","0","0"
"2020-08-24","1","0","0"
"2020-08-24","1","0","0"
"2020-08-24","4","0","0"
"2020-08-24","25","0","0"
"2020-08-24","8","0","0"
"2020-08-24","1","0","0"
"2020-08-24","1","0","0"
"2020-08-24","1","0","0"
"2020-08-24","1","0","1"
"2020-08-24","44","0","1"
"2020-08-24","10","0","1"
"2020-08-24","2","0","0"
"2020-08-24","1","0","0"
"2020-08-24","2","0","0"
"2020-08-24","14","0","0"
"2020-08-24","9","0","0"
"2020-08-24","6","0","0"
"2020-08-24","5","0","0"
"2020-08-25","4","0","0"
"2020-08-25","2","0","0"
"2020-08-25","2","0","0"
"2020-08-25","19","0","1"
"2020-08-25","6","0","0"
"2020-08-25","3","0","0"
"2020-08-25","3","0","0"
"2020-08-25","1","0","0"
"2020-08-25","30","0","1"
"2020-08-25","6","0","1"
"2020-08-25","1","0","0"
"2020-08-25","13","0","0"
"2020-08-25","2","0","0"
"2020-08-25","4","0","0"
"2020-08-25","1","0","0"
"2020-08-26","1","0","0"
"2020-08-26","1","0","0"
"2020-08-26","1","0","0"
"2020-08-26","1","0","0"
"2020-08-26","1","0","0"
"2020-08-26","25","1","2"
"2020-08-26","1","0","0"
"2020-08-26","1","0","0"
"2020-08-26","1","0","0"
"2020-08-26","43","0","0"
"2020-08-26","12","1","2"
"2020-08-26","1","0","0"
"2020-08-26","1","0","0"
"2020-08-26","8","0","0"
"2020-08-26","6","0","1"
"2020-08-26","5","0","0"
"2020-08-26","1","0","0"
"2020-08-27","2","0","0"
"2020-08-27","5","0","0"
"2020-08-27","22","0","0"
"2020-08-27","5","0","0"
"2020-08-27","1","0","0"
"2020-08-27","1","0","0"
"2020-08-27","1","0","0"
"2020-08-27","1","0","0"
"2020-08-27","50","0","4"
"2020-08-27","7","0","1"
"2020-08-27","1","0","0"
"2020-08-27","1","0","0"
"2020-08-27","5","0","0"
"2020-08-27","1","0","0"
"2020-08-27","6","0","0"
"2020-08-27","1","0","0"
"2020-08-28","4","0","1"
"2020-08-28","30","0","3"
"2020-08-28","6","0","0"
"2020-08-28","1","0","0"
"2020-08-28","41","0","3"
"2020-08-28","3","1","0"
"2020-08-28","3","0","0"
"2020-08-28","1","0","0"
"2020-08-28","5","0","0"
"2020-08-28","2","0","0"
"2020-08-29","7","0","1"
"2020-08-29","4","0","0"
"2020-08-29","1","0","0"
"2020-08-29","1","0","0"
"2020-08-29","22","0","0"
"2020-08-29","9","0","0"
"2020-08-29","1","0","0"
"2020-08-29","1","0","0"
"2020-08-29","1","0","0"
"2020-08-29","2","0","0"
"2020-08-30","1","0","0"
"2020-08-30","2","0","0"
"2020-08-30","12","1","2"
"2020-08-30","4","0","0"
"2020-08-30","1","0","0"
"2020-08-30","1","0","0"
"2020-08-30","25","0","1"
"2020-08-30","9","0","0"
"2020-08-30","3","0","0"
"2020-08-30","1","0","0"
"2020-08-30","2","0","0"
"2020-08-30","1","0","0"
"2020-08-30","1","0","0"
"2020-08-31","1","0","0"
"2020-08-31","1","0","0"
"2020-08-31","30","0","2"
"2020-08-31","2","0","1"
"2020-08-31","1","0","0"
"2020-08-31","1","0","0"
"2020-08-31","33","1","0"
"2020-08-31","12","1","0"
"2020-08-31","3","0","2"
"2020-08-31","1","0","0"
"2020-08-31","1","0","0"
"2020-08-31","4","0","1"
"2020-08-31","1","0","0"
"2020-08-31","1","0","0"
"2020-08-31","7","0","0"
"2020-08-31","2","0","0"
"2020-09-01","1","0","0"
"2020-09-01","2","0","1"
"2020-09-01","2","0","0"
"2020-09-01","22","0","4"
"2020-09-01","4","0","0"
"2020-09-01","1","0","0"
"2020-09-01","1","0","0"
"2020-09-01","1","0","0"
"2020-09-01","42","0","3"
"2020-09-01","16","0","1"
"2020-09-01","2","0","0"
"2020-09-01","1","0","0"
"2020-09-01","9","0","0"
"2020-09-01","3","0","0"
"2020-09-01","3","0","0"
"2020-09-02","1","0","0"
"2020-09-02","4","0","0"
"2020-09-02","1","0","0"
"2020-09-02","25","0","2"
"2020-09-02","3","0","0"
"2020-09-02","4","0","0"
"2020-09-02","47","0","3"
"2020-09-02","11","0","0"
"2020-09-02","1","0","0"
"2020-09-02","1","0","0"
"2020-09-02","3","0","0"
"2020-09-02","2","0","0"
"2020-09-02","1","0","0"
"2020-09-02","2","0","1"
"2020-09-02","1","0","0"
"2020-09-03","1","0","0"
"2020-09-03","1","0","0"
"2020-09-03","30","0","2"
"2020-09-03","4","0","1"
"2020-09-03","2","0","0"
"2020-09-03","1","0","0"
"2020-09-03","45","1","3"
"2020-09-03","6","0","1"
"2020-09-03","1","0","0"
"2020-09-03","7","0","0"
"2020-09-03","1","0","0"
"2020-09-03","1","0","0"
"2020-09-03","5","0","0"
"2020-09-04","1","0","0"
"2020-09-04","4","0","0"
"2020-09-04","1","0","0"
"2020-09-04","22","0","1"
"2020-09-04","2","0","0"
"2020-09-04","1","0","0"
"2020-09-04","1","0","0"
"2020-09-04","2","0","0"
"2020-09-04","34","0","1"
"2020-09-04","8","0","1"
"2020-09-04","3","0","0"
"2020-09-04","1","0","0"
"2020-09-04","1","0","0"
"2020-09-04","6","0","0"
"2020-09-04","2","0","0"
"2020-09-04","2","0","0"
"2020-09-05","1","0","0"
"2020-09-05","4","0","0"
"2020-09-05","20","1","1"
"2020-09-05","5","0","0"
"2020-09-05","1","0","0"
"2020-09-05","1","0","0"
"2020-09-05","42","0","0"
"2020-09-05","4","0","1"
"2020-09-05","2","0","0"
"2020-09-05","1","0","0"
"2020-09-05","2","0","0"
"2020-09-05","2","0","0"
"2020-09-05","3","0","0"
"2020-09-06","3","0","0"
"2020-09-06","2","0","0"
"2020-09-06","12","0","1"
"2020-09-06","1","0","0"
"2020-09-06","1","0","0"
"2020-09-06","2","0","1"
"2020-09-06","44","0","2"
"2020-09-06","11","1","1"
"2020-09-06","1","0","0"
"2020-09-06","5","0","1"
"2020-09-06","1","0","0"
"2020-09-07","1","0","0"
"2020-09-07","1","0","0"
"2020-09-07","21","1","1"
"2020-09-07","1","0","0"
"2020-09-07","30","0","0"
"2020-09-07","9","0","0"
"2020-09-07","1","0","0"
"2020-09-07","3","0","0"
"2020-09-07","2","0","0"
"2020-09-07","1","0","0"
"2020-09-08","1","0","0"
"2020-09-08","1","0","0"
"2020-09-08","16","1","0"
"2020-09-08","5","0","1"
"2020-09-08","2","0","0"
"2020-09-08","1","0","0"
"2020-09-08","63","0","3"
"2020-09-08","18","0","1"
"2020-09-08","4","0","0"
"2020-09-08","1","0","0"
"2020-09-08","1","0","0"
"2020-09-08","2","0","0"
"2020-09-08","1","0","0"
"2020-09-08","5","0","0"
"2020-09-08","4","0","0"
"2020-09-08","4","0","0"
"2020-09-08","1","0","0"
"2020-09-09","3","0","0"
"2020-09-09","1","0","0"
"2020-09-09","19","0","1"
"2020-09-09","8","0","0"
"2020-09-09","2","0","0"
"2020-09-09","1","0","0"
"2020-09-09","32","0","0"
"2020-09-09","12","0","0"
"2020-09-09","3","0","1"
"2020-09-09","1","0","0"
"2020-09-09","3","0","0"
"2020-09-09","3","0","0"
"2020-09-09","4","0","0"
"2020-09-09","5","0","1"
"2020-09-10","3","0","0"
"2020-09-10","1","0","0"
"2020-09-10","2","0","0"
"2020-09-10","28","0","3"
"2020-09-10","6","0","0"
"2020-09-10","1","0","0"
"2020-09-10","1","0","0"
"2020-09-10","37","0","0"
"2020-09-10","12","0","0"
"2020-09-10","1","0","0"
"2020-09-10","2","0","0"
"2020-09-10","3","0","0"
"2020-09-10","1","0","0"
"2020-09-10","6","0","0"
"2020-09-10","2","0","0"
"2020-09-11","2","0","0"
"2020-09-11","2","0","0"
"2020-09-11","21","0","1"
"2020-09-11","3","1","0"
"2020-09-11","1","0","0"
"2020-09-11","1","0","0"
"2020-09-11","40","0","2"
"2020-09-11","10","0","1"
"2020-09-11","7","0","0"
"2020-09-11","2","0","0"
"2020-09-11","1","0","0"
"2020-09-11","4","0","0"
"2020-09-11","2","0","0"
"2020-09-11","6","0","0"
"2020-09-12","3","0","0"
"2020-09-12","1","0","1"
"2020-09-12","3","0","0"
"2020-09-12","1","0","0"
"2020-09-12","20","2","3"
"2020-09-12","3","0","0"
"2020-09-12","1","0","0"
"2020-09-12","1","0","0"
"2020-09-12","15","0","0"
"2020-09-12","11","1","0"
"2020-09-12","1","0","0"
"2020-09-12","8","0","1"
"2020-09-12","2","0","0"
"2020-09-13","3","0","1"
"2020-09-13","10","0","0"
"2020-09-13","3","0","0"
"2020-09-13","1","0","0"
"2020-09-13","1","0","0"
"2020-09-13","21","0","1"
"2020-09-13","7","0","0"
"2020-09-13","3","0","0"
"2020-09-13","1","0","0"
"2020-09-13","1","0","0"
"2020-09-13","1","0","0"
"2020-09-14","1","0","0"
"2020-09-14","2","0","0"
"2020-09-14","1","0","0"
"2020-09-14","13","0","0"
"2020-09-14","4","0","0"
"2020-09-14","1","0","0"
"2020-09-14","1","0","0"
"2020-09-14","1","0","0"
"2020-09-14","1","0","0"
"2020-09-14","36","0","0"
"2020-09-14","12","0","0"
"2020-09-14","1","0","0"
"2020-09-14","2","0","0"
"2020-09-14","1","0","0"
"2020-09-14","2","0","0"
"2020-09-14","5","0","0"
"2020-09-14","1","0","0"
"2020-09-14","4","0","0"
"2020-09-14","1","0","0"
"2020-09-15","1","0","0"
"2020-09-15","1","0","0"
"2020-09-15","1","0","0"
"2020-09-15","2","0","0"
"2020-09-15","19","0","2"
"2020-09-15","5","0","0"
"2020-09-15","32","0","1"
"2020-09-15","10","1","0"
"2020-09-15","2","0","0"
"2020-09-15","1","0","0"
"2020-09-15","1","0","0"
"2020-09-15","4","0","0"
"2020-09-15","2","0","0"
"2020-09-15","1","0","0"
"2020-09-15","2","0","0"
"2020-09-16","1","0","0"
"2020-09-16","2","0","0"
"2020-09-16","1","0","0"
"2020-09-16","1","0","0"
"2020-09-16","1","0","0"
"2020-09-16","18","0","1"
"2020-09-16","5","0","0"
"2020-09-16","1","0","1"
"2020-09-16","35","1","3"
"2020-09-16","5","0","0"
"2020-09-16","1","0","0"
"2020-09-16","6","0","0"
"2020-09-16","1","0","0"
"2020-09-16","3","0","0"
"2020-09-17","1","0","0"
"2020-09-17","1","0","0"
"2020-09-17","1","0","0"
"2020-09-17","2","0","0"
"2020-09-17","1","0","0"
"2020-09-17","18","1","1"
"2020-09-17","3","0","0"
"2020-09-17","1","0","0"
"2020-09-17","19","0","1"
"2020-09-17","9","0","0"
"2020-09-17","7","0","0"
"2020-09-17","5","0","1"
"2020-09-17","2","0","0"
"2020-09-18","1","0","0"
"2020-09-18","1","0","0"
"2020-09-18","1","0","0"
"2020-09-18","1","0","0"
"2020-09-18","1","0","0"
"2020-09-18","14","0","3"
"2020-09-18","2","0","0"
"2020-09-18","2","0","0"
"2020-09-18","1","0","0"
"2020-09-18","1","0","0"
"2020-09-18","1","0","0"
"2020-09-18","33","0","2"
"2020-09-18","9","0","2"
"2020-09-18","1","0","0"
"2020-09-18","1","0","0"
"2020-09-18","1","0","0"
"2020-09-18","2","0","0"
"2020-09-18","3","0","0"
"2020-09-18","1","0","0"
"2020-09-19","1","0","0"
"2020-09-19","5","0","1"
"2020-09-19","1","0","0"
"2020-09-19","1","0","0"
"2020-09-19","10","0","1"
"2020-09-19","2","0","0"
"2020-09-19","25","2","1"
"2020-09-19","11","0","1"
"2020-09-19","1","0","0"
"2020-09-19","1","0","0"
"2020-09-19","2","0","0"
"2020-09-19","1","0","0"
"2020-09-20","4","0","1"
"2020-09-20","1","0","0"
"2020-09-20","1","0","0"
"2020-09-20","9","0","2"
"2020-09-20","1","0","0"
"2020-09-20","1","0","0"
"2020-09-20","25","0","4"
"2020-09-20","2","0","0"
"2020-09-20","1","0","0"
"2020-09-20","3","0","0"
"2020-09-20","1","0","0"
"2020-09-21","2","0","0"
"2020-09-21","1","0","0"
"2020-09-21","1","0","0"
"2020-09-21","18","0","3"
"2020-09-21","3","0","0"
"2020-09-21","1","0","0"
"2020-09-21","1","0","0"
"2020-09-21","1","0","0"
"2020-09-21","38","0","2"
"2020-09-21","11","0","0"
"2020-09-21","2","0","0"
"2020-09-21","1","0","0"
"2020-09-21","1","0","0"
"2020-09-21","1","0","0"
"2020-09-21","2","0","0"
"2020-09-21","1","0","0"
"2020-09-21","7","0","0"
"2020-09-21","2","0","0"
"2020-09-21","1","0","0"
"2020-09-22","1","0","0"
"2020-09-22","4","0","0"
"2020-09-22","1","0","0"
"2020-09-22","10","0","0"
"2020-09-22","3","0","1"
"2020-09-22","1","0","0"
"2020-09-22","42","0","2"
"2020-09-22","8","0","0"
"2020-09-22","1","0","1"
"2020-09-22","6","0","0"
"2020-09-22","1","0","0"
"2020-09-22","3","0","0"
"2020-09-22","1","0","0"
"2020-09-23","2","0","0"
"2020-09-23","3","0","0"
"2020-09-23","22","0","2"
"2020-09-23","4","0","1"
"2020-09-23","1","0","0"
"2020-09-23","1","0","0"
"2020-09-23","38","0","2"
"2020-09-23","4","0","0"
"2020-09-23","3","0","0"
"2020-09-23","3","0","0"
"2020-09-23","1","0","0"
"2020-09-24","1","0","0"
"2020-09-24","1","0","0"
"2020-09-24","2","0","0"
"2020-09-24","1","0","0"
"2020-09-24","12","0","0"
"2020-09-24","6","0","0"
"2020-09-24","1","0","0"
"2020-09-24","1","0","0"
"2020-09-24","35","2","2"
"2020-09-24","10","0","0"
"2020-09-24","3","0","0"
"2020-09-24","1","0","0"
"2020-09-24","1","0","0"
"2020-09-24","4","0","0"
"2020-09-24","1","0","0"
"2020-09-25","2","0","0"
"2020-09-25","2","0","0"
"2020-09-25","18","1","0"
"2020-09-25","3","0","0"
"2020-09-25","1","0","0"
"2020-09-25","1","0","0"
"2020-09-25","1","0","0"
"2020-09-25","45","0","0"
"2020-09-25","10","0","2"
"2020-09-25","3","0","0"
"2020-09-25","1","0","0"
"2020-09-25","7","0","0"
"2020-09-25","2","0","0"
"2020-09-25","2","0","0"
"2020-09-26","1","0","0"
"2020-09-26","14","0","1"
"2020-09-26","2","0","0"
"2020-09-26","22","0","2"
"2020-09-26","8","0","0"
"2020-09-26","3","0","0"
"2020-09-26","1","0","0"
"2020-09-26","2","0","0"
"2020-09-26","1","0","0"
"2020-09-26","1","0","1"
"2020-09-27","1","0","0"
"2020-09-27","1","0","0"
"2020-09-27","14","0","0"
"2020-09-27","1","0","0"
"2020-09-27","1","0","0"
"2020-09-27","1","0","0"
"2020-09-27","25","0","2"
"2020-09-27","4","0","0"
"2020-09-27","1","0","0"
"2020-09-27","2","0","0"
"2020-09-27","1","0","0"
"2020-09-28","1","0","0"
"2020-09-28","17","0","1"
"2020-09-28","5","0","0"
"2020-09-28","1","0","0"
"2020-09-28","1","0","0"
"2020-09-28","1","0","0"
"2020-09-28","1","0","0"
"2020-09-28","29","0","1"
"2020-09-28","8","0","0"
"2020-09-28","2","0","0"
"2020-09-28","1","0","0"
"2020-09-28","2","0","0"
"2020-09-29","1","0","0"
"2020-09-29","1","0","0"
"2020-09-29","2","0","0"
"2020-09-29","17","0","2"
"2020-09-29","2","0","0"
"2020-09-29","27","0","0"
"2020-09-29","5","0","1"
"2020-09-29","2","0","0"
"2020-09-29","1","0","0"
"2020-09-29","1","0","0"
"2020-09-29","1","0","0"
"2020-09-29","1","0","0"
"2020-09-29","2","0","0"
"2020-09-30","1","0","0"
"2020-09-30","1","0","0"
"2020-09-30","1","0","1"
"2020-09-30","1","0","0"
"2020-09-30","13","0","1"
"2020-09-30","1","0","0"
"2020-09-30","1","0","0"
"2020-09-30","22","0","1"
"2020-09-30","9","0","2"
"2020-09-30","1","0","0"
"2020-09-30","2","0","0"
"2020-09-30","3","0","0"
"2020-09-30","2","0","0"
"2020-09-30","7","0","0"
"2020-10-01","2","0","0"
"2020-10-01","1","0","0"
"2020-10-01","19","0","2"
"2020-10-01","1","0","1"
"2020-10-01","1","0","0"
"2020-10-01","35","0","1"
"2020-10-01","2","0","1"
"2020-10-01","2","0","0"
"2020-10-01","2","0","0"
"2020-10-01","3","0","0"
"2020-10-01","2","0","0"
"2020-10-02","2","0","0"
"2020-10-02","2","0","1"
"2020-10-02","18","0","2"
"2020-10-02","4","0","0"
"2020-10-02","2","0","0"
"2020-10-02","44","0","1"
"2020-10-02","8","0","1"
"2020-10-02","1","0","0"
"2020-10-02","1","0","0"
"2020-10-02","13","0","0"
"2020-10-02","1","0","0"
"2020-10-02","2","0","0"
"2020-10-03","1","0","0"
"2020-10-03","2","0","0"
"2020-10-03","13","0","0"
"2020-10-03","3","0","1"
"2020-10-03","2","0","0"
"2020-10-03","32","0","0"
"2020-10-03","6","0","0"
"2020-10-03","2","0","0"
"2020-10-03","1","0","0"
"2020-10-03","1","0","1"
"2020-10-03","1","0","1"
"2020-10-03","2","0","0"
"2020-10-04","1","0","0"
"2020-10-04","8","0","0"
"2020-10-04","4","0","1"
"2020-10-04","1","0","0"
"2020-10-04","1","0","0"
"2020-10-04","33","1","1"
"2020-10-04","8","0","1"
"2020-10-04","1","0","0"
"2020-10-04","1","0","0"
"2020-10-04","4","0","1"
"2020-10-04","1","0","0"
"2020-10-05","3","0","0"
"2020-10-05","25","0","4"
"2020-10-05","4","0","0"
"2020-10-05","1","0","0"
"2020-10-05","1","0","0"
"2020-10-05","28","0","2"
"2020-10-05","6","0","0"
"2020-10-05","2","0","0"
"2020-10-05","1","0","0"
"2020-10-05","5","0","0"
"2020-10-05","1","0","0"
"2020-10-05","1","0","0"
"2020-10-05","4","0","0"
"2020-10-06","1","0","0"
"2020-10-06","1","0","0"
"2020-10-06","16","0","0"
"2020-10-06","4","0","0"
"2020-10-06","1","0","0"
"2020-10-06","38","0","4"
"2020-10-06","4","0","0"
"2020-10-06","4","0","0"
"2020-10-06","1","0","0"
"2020-10-07","1","0","1"
"2020-10-07","3","0","0"
"2020-10-07","1","0","0"
"2020-10-07","20","1","0"
"2020-10-07","5","0","0"
"2020-10-07","1","0","0"
"2020-10-07","1","0","0"
"2020-10-07","1","0","0"
"2020-10-07","40","0","0"
"2020-10-07","11","0","0"
"2020-10-07","4","0","0"
"2020-10-07","1","0","0"
"2020-10-07","1","0","0"
"2020-10-07","3","0","0"
"2020-10-07","1","0","1"
"2020-10-07","5","0","0"
"2020-10-08","5","0","0"
"2020-10-08","19","0","4"
"2020-10-08","2","0","0"
"2020-10-08","1","0","0"
"2020-10-08","1","0","0"
"2020-10-08","1","0","0"
"2020-10-08","24","0","0"
"2020-10-08","12","0","0"
"2020-10-08","4","0","0"
"2020-10-08","1","0","0"
"2020-10-08","5","0","0"
"2020-10-08","4","0","0"
"2020-10-08","5","0","0"
"2020-10-08","2","0","1"
"2020-10-09","1","0","0"
"2020-10-09","1","0","0"
"2020-10-09","4","0","0"
"2020-10-09","19","0","0"
"2020-10-09","4","0","1"
"2020-10-09","2","0","0"
"2020-10-09","3","0","0"
"2020-10-09","1","0","0"
"2020-10-09","35","1","1"
"2020-10-09","3","0","1"
"2020-10-09","2","0","0"
"2020-10-09","2","0","0"
"2020-10-09","1","0","0"
"2020-10-09","1","0","0"
"2020-10-09","4","0","0"
"2020-10-09","1","0","0"
"2020-10-10","1","0","0"
"2020-10-10","8","0","1"
"2020-10-10","4","0","1"
"2020-10-10","29","0","0"
"2020-10-10","9","0","0"
"2020-10-10","1","0","0"
"2020-10-10","2","0","0"
"2020-10-10","3","0","0"
"2020-10-10","1","0","0"
"2020-10-11","1","0","0"
"2020-10-11","10","1","0"
"2020-10-11","1","0","0"
"2020-10-11","1","0","0"
"2020-10-11","24","0","0"
"2020-10-11","9","0","0"
"2020-10-11","1","0","0"
"2020-10-11","1","0","0"
"2020-10-11","1","0","0"
"2020-10-11","3","0","0"
"2020-10-11","2","0","0"
"2020-10-12","1","0","0"
"2020-10-12","1","0","0"
"2020-10-12","1","0","0"
"2020-10-12","1","0","0"
"2020-10-12","1","0","1"
"2020-10-12","24","0","1"
"2020-10-12","1","0","0"
"2020-10-12","2","0","0"
"2020-10-12","1","0","0"
"2020-10-12","29","0","0"
"2020-10-12","11","0","0"
"2020-10-12","1","0","0"
"2020-10-12","4","0","0"
"2020-10-12","2","0","0"
"2020-10-12","3","0","0"
"2020-10-12","1","0","0"
"2020-10-13","1","0","0"
"2020-10-13","1","0","0"
"2020-10-13","1","0","0"
"2020-10-13","1","0","0"
"2020-10-13","13","0","2"
"2020-10-13","7","0","0"
"2020-10-13","1","0","0"
"2020-10-13","1","0","0"
"2020-10-13","1","0","0"
"2020-10-13","28","0","0"
"2020-10-13","11","0","0"
"2020-10-13","3","0","1"
"2020-10-13","1","0","0"
"2020-10-13","1","0","0"
"2020-10-13","2","0","0"
"2020-10-13","4","0","1"
"2020-10-13","1","0","0"
"2020-10-14","1","0","0"
"2020-10-14","18","0","4"
"2020-10-14","6","0","0"
"2020-10-14","1","0","0"
"2020-10-14","1","0","0"
"2020-10-14","1","0","0"
"2020-10-14","1","0","0"
"2020-10-14","36","0","1"
"2020-10-14","6","0","1"
"2020-10-14","1","0","0"
"2020-10-14","2","0","0"
"2020-10-14","1","0","0"
"2020-10-14","3","0","0"
"2020-10-15","2","0","0"
"2020-10-15","16","0","0"
"2020-10-15","1","0","0"
"2020-10-15","1","0","0"
"2020-10-15","39","0","2"
"2020-10-15","8","1","0"
"2020-10-15","1","0","0"
"2020-10-15","1","0","0"
"2020-10-15","3","0","0"
"2020-10-16","2","0","0"
"2020-10-16","1","0","1"
"2020-10-16","3","0","0"
"2020-10-16","20","1","3"
"2020-10-16","5","0","0"
"2020-10-16","1","0","0"
"2020-10-16","33","0","0"
"2020-10-16","7","0","0"
"2020-10-16","1","0","0"
"2020-10-16","1","0","0"
"2020-10-16","2","0","0"
"2020-10-16","1","0","0"
"2020-10-16","1","0","0"
"2020-10-17","1","0","0"
"2020-10-17","2","0","1"
"2020-10-17","1","0","0"
"2020-10-17","15","0","1"
"2020-10-17","2","0","0"
"2020-10-17","1","0","0"
"2020-10-17","29","1","1"
"2020-10-17","4","0","0"
"2020-10-17","2","0","0"
"2020-10-17","2","0","0"
"2020-10-17","2","0","0"
"2020-10-17","3","0","0"
"2020-10-18","1","0","0"
"2020-10-18","2","0","0"
"2020-10-18","12","0","0"
"2020-10-18","1","0","0"
"2020-10-18","2","0","0"
"2020-10-18","24","0","2"
"2020-10-18","8","0","2"
"2020-10-18","2","0","0"
"2020-10-18","1","0","1"
"2020-10-18","1","0","0"
"2020-10-18","4","0","1"
"2020-10-18","5","0","0"
"2020-10-18","1","0","0"
"2020-10-19","1","0","0"
"2020-10-19","6","0","0"
"2020-10-19","1","0","0"
"2020-10-19","24","0","0"
"2020-10-19","1","0","0"
"2020-10-19","1","0","0"
"2020-10-19","1","0","0"
"2020-10-19","1","0","0"
"2020-10-19","1","0","0"
"2020-10-19","35","0","1"
"2020-10-19","10","0","0"
"2020-10-19","1","0","0"
"2020-10-19","1","0","0"
"2020-10-19","2","0","0"
"2020-10-19","1","0","0"
"2020-10-19","2","0","0"
"2020-10-19","1","0","0"
"2020-10-20","1","0","0"
"2020-10-20","1","0","0"
"2020-10-20","3","0","0"
"2020-10-20","1","0","0"
"2020-10-20","22","0","1"
"2020-10-20","3","0","0"
"2020-10-20","1","0","0"
"2020-10-20","2","0","0"
"2020-10-20","1","0","0"
"2020-10-20","21","0","0"
"2020-10-20","3","0","0"
"2020-10-20","1","0","0"
"2020-10-20","2","0","0"
"2020-10-20","2","0","0"
"2020-10-20","1","0","0"
"2020-10-20","1","0","0"
"2020-10-21","1","0","0"
"2020-10-21","1","0","0"
"2020-10-21","24","0","0"
"2020-10-21","6","0","0"
"2020-10-21","1","0","0"
"2020-10-21","1","0","0"
"2020-10-21","37","0","0"
"2020-10-21","10","0","0"
"2020-10-21","3","0","0"
"2020-10-21","4","0","0"
"2020-10-21","2","0","0"
"2020-10-21","1","0","0"
"2020-10-21","1","0","0"
"2020-10-22","1","0","0"
"2020-10-22","23","0","0"
"2020-10-22","3","0","0"
"2020-10-22","4","0","0"
"2020-10-22","1","0","0"
"2020-10-22","31","0","2"
"2020-10-22","8","0","1"
"2020-10-22","1","0","1"
"2020-10-22","1","0","0"
"2020-10-22","1","0","0"
"2020-10-22","3","0","0"
"2020-10-22","3","0","0"
"2020-10-22","3","0","0"
"2020-10-23","1","0","0"
"2020-10-23","2","0","0"
"2020-10-23","1","0","0"
"2020-10-23","38","1","4"
"2020-10-23","2","0","1"
"2020-10-23","1","0","0"
"2020-10-23","1","0","0"
"2020-10-23","37","0","2"
"2020-10-23","6","0","0"
"2020-10-23","1","0","0"
"2020-10-23","1","0","0"
"2020-10-23","5","0","0"
"2020-10-23","4","0","0"
"2020-10-23","1","0","0"
"2020-10-23","3","0","0"
"2020-10-24","25","1","0"
"2020-10-24","2","0","0"
"2020-10-24","1","0","1"
"2020-10-24","24","0","0"
"2020-10-24","12","0","0"
"2020-10-24","4","0","0"
"2020-10-24","1","0","0"
"2020-10-24","2","0","0"
"2020-10-24","1","0","0"
"2020-10-24","2","0","0"
"2020-10-24","1","0","0"
"2020-10-25","1","0","0"
"2020-10-25","1","0","0"
"2020-10-25","1","0","0"
"2020-10-25","12","0","2"
"2020-10-25","2","0","0"
"2020-10-25","2","0","0"
"2020-10-25","29","0","1"
"2020-10-25","4","0","1"
"2020-10-25","1","0","0"
"2020-10-25","1","0","0"
"2020-10-25","2","0","0"
"2020-10-25","1","0","0"
"2020-10-26","2","0","0"
"2020-10-26","2","0","0"
"2020-10-26","2","0","0"
"2020-10-26","21","0","1"
"2020-10-26","3","0","1"
"2020-10-26","1","0","0"
"2020-10-26","2","0","0"
"2020-10-26","1","0","0"
"2020-10-26","35","1","1"
"2020-10-26","6","1","0"
"2020-10-26","3","0","0"
"2020-10-26","1","0","0"
"2020-10-26","4","0","0"
"2020-10-26","3","0","0"
"2020-10-26","1","0","0"
"2020-10-27","1","0","0"
"2020-10-27","1","0","0"
"2020-10-27","2","0","0"
"2020-10-27","1","0","0"
"2020-10-27","23","1","1"
"2020-10-27","3","0","1"
"2020-10-27","1","0","0"
"2020-10-27","1","0","0"
"2020-10-27","1","0","0"
"2020-10-27","29","0","0"
"2020-10-27","14","0","0"
"2020-10-27","1","0","0"
"2020-10-27","1","0","0"
"2020-10-27","3","0","0"
"2020-10-27","1","0","0"
"2020-10-27","2","0","0"
"2020-10-28","1","0","0"
"2020-10-28","2","0","0"
"2020-10-28","1","0","0"
"2020-10-28","2","0","1"
"2020-10-28","13","0","0"
"2020-10-28","5","0","0"
"2020-10-28","1","0","0"
"2020-10-28","1","0","0"
"2020-10-28","1","0","0"
"2020-10-28","1","0","0"
"2020-10-28","1","0","0"
"2020-10-28","30","0","0"
"2020-10-28","9","0","0"
"2020-10-28","1","0","0"
"2020-10-28","1","0","0"
"2020-10-28","1","0","0"
"2020-10-28","3","0","0"
"2020-10-28","6","0","0"
"2020-10-29","3","0","0"
"2020-10-29","1","0","0"
"2020-10-29","20","0","4"
"2020-10-29","2","0","0"
"2020-10-29","1","0","1"
"2020-10-29","1","0","0"
"2020-10-29","36","0","1"
"2020-10-29","9","0","0"
"2020-10-29","3","0","0"
"2020-10-29","2","0","0"
"2020-10-29","1","0","0"
"2020-10-29","4","0","0"
"2020-10-29","2","0","1"
"2020-10-29","1","0","0"
"2020-10-30","1","0","0"
"2020-10-30","2","0","0"
"2020-10-30","21","0","0"
"2020-10-30","9","0","0"
"2020-10-30","1","0","0"
"2020-10-30","1","0","0"
"2020-10-30","1","0","0"
"2020-10-30","1","0","0"
"2020-10-30","33","0","0"
"2020-10-30","12","0","0"
"2020-10-30","2","0","0"
"2020-10-30","1","0","0"
"2020-10-30","6","0","0"
"2020-10-30","2","0","0"
"2020-10-30","1","0","0"
"2020-10-30","4","0","0"
"2020-10-30","2","0","0"
"2020-10-31","1","0","0"
"2020-10-31","2","0","0"
"2020-10-31","1","0","0"
"2020-10-31","16","0","1"
"2020-10-31","2","0","0"
"2020-10-31","1","0","0"
"2020-10-31","1","0","0"
"2020-10-31","1","0","0"
"2020-10-31","23","0","1"
"2020-10-31","11","0","0"
"2020-10-31","2","0","0"
"2020-10-31","1","0","0"
"2020-10-31","1","0","0"
"2020-10-31","1","0","0"
"2020-10-31","1","0","0"
"2020-11-01","4","0","0"
"2020-11-01","1","0","0"
"2020-11-01","3","0","1"
"2020-11-01","1","0","0"
"2020-11-01","13","0","0"
"2020-11-01","1","0","0"
"2020-11-01","1","0","0"
"2020-11-01","1","0","0"
"2020-11-01","1","0","0"
"2020-11-01","1","0","0"
"2020-11-01","23","1","1"
"2020-11-01","10","0","2"
"2020-11-01","3","0","0"
"2020-11-01","1","0","0"
"2020-11-01","4","0","0"
"2020-11-01","5","0","0"
"2020-11-01","1","0","0"
"2020-11-02","1","0","0"
"2020-11-02","1","0","0"
"2020-11-02","2","0","1"
"2020-11-02","1","0","0"
"2020-11-02","24","0","1"
"2020-11-02","5","0","1"
"2020-11-02","1","0","0"
"2020-11-02","3","0","0"
"2020-11-02","4","0","0"
"2020-11-02","2","0","0"
"2020-11-02","35","0","1"
"2020-11-02","10","0","0"
"2020-11-02","4","0","0"
"2020-11-02","1","0","0"
"2020-11-02","9","0","0"
"2020-11-02","3","0","0"
"2020-11-02","10","0","0"
"2020-11-02","1","0","0"
"2020-11-03","1","0","0"
"2020-11-03","1","0","0"
"2020-11-03","20","0","1"
"2020-11-03","2","0","0"
"2020-11-03","2","0","0"
"2020-11-03","1","0","0"
"2020-11-03","30","0","0"
"2020-11-03","11","0","3"
"2020-11-03","1","0","0"
"2020-11-03","4","0","0"
"2020-11-03","2","0","0"
"2020-11-03","3","0","0"
"2020-11-03","1","0","0"
"2020-11-04","3","0","0"
"2020-11-04","2","0","0"
"2020-11-04","21","0","0"
"2020-11-04","5","0","0"
"2020-11-04","2","0","0"
"2020-11-04","2","0","0"
"2020-11-04","3","0","0"
"2020-11-04","1","0","0"
"2020-11-04","1","0","0"
"2020-11-04","28","0","0"
"2020-11-04","8","0","1"
"2020-11-04","3","0","0"
"2020-11-04","2","0","0"
"2020-11-04","7","0","0"
"2020-11-04","5","0","0"
"2020-11-04","2","0","0"
"2020-11-05","1","0","0"
"2020-11-05","1","0","0"
"2020-11-05","1","0","0"
"2020-11-05","3","0","0"
"2020-11-05","27","0","2"
"2020-11-05","5","0","1"
"2020-11-05","3","0","1"
"2020-11-05","3","0","0"
"2020-11-05","30","0","1"
"2020-11-05","7","0","0"
"2020-11-05","1","0","0"
"2020-11-05","1","0","0"
"2020-11-05","1","0","0"
"2020-11-05","1","0","0"
"2020-11-05","6","0","0"
"2020-11-05","2","0","0"
"2020-11-05","1","0","0"
"2020-11-05","1","0","0"
"2020-11-06","1","0","0"
"2020-11-06","1","0","0"
"2020-11-06","1","0","0"
"2020-11-06","2","0","0"
"2020-11-06","25","0","2"
"2020-11-06","6","0","0"
"2020-11-06","1","0","0"
"2020-11-06","1","0","0"
"2020-11-06","1","0","0"
"2020-11-06","2","0","1"
"2020-11-06","49","0","0"
"2020-11-06","8","0","0"
"2020-11-06","1","0","0"
"2020-11-06","5","0","0"
"2020-11-06","2","0","0"
"2020-11-06","3","0","0"
"2020-11-06","1","0","0"
"2020-11-07","2","0","0"
"2020-11-07","2","0","0"
"2020-11-07","1","0","0"
"2020-11-07","18","0","2"
"2020-11-07","3","0","0"
"2020-11-07","1","0","0"
"2020-11-07","1","0","0"
"2020-11-07","1","0","0"
"2020-11-07","1","0","0"
"2020-11-07","33","0","2"
"2020-11-07","6","0","0"
"2020-11-07","1","0","0"
"2020-11-07","3","0","0"
"2020-11-07","1","0","0"
"2020-11-07","3","0","0"
"2020-11-08","1","0","0"
"2020-11-08","2","0","0"
"2020-11-08","1","0","0"
"2020-11-08","2","0","0"
"2020-11-08","16","0","0"
"2020-11-08","2","0","0"
"2020-11-08","1","0","0"
"2020-11-08","2","0","0"
"2020-11-08","25","0","1"
"2020-11-08","10","0","2"
"2020-11-08","2","0","0"
"2020-11-08","1","0","0"
"2020-11-08","5","0","0"
"2020-11-08","1","0","0"
"2020-11-08","2","0","0"
"2020-11-08","1","0","0"
"2020-11-09","1","0","0"
"2020-11-09","42","0","2"
"2020-11-09","7","0","0"
"2020-11-09","3","0","1"
"2020-11-09","1","0","0"
"2020-11-09","1","0","0"
"2020-11-09","44","0","2"
"2020-11-09","8","0","0"
"2020-11-09","2","0","0"
"2020-11-09","2","0","0"
"2020-11-09","1","0","0"
"2020-11-09","1","0","0"
"2020-11-09","1","0","0"
"2020-11-09","8","0","0"
"2020-11-09","2","0","0"
"2020-11-09","1","0","0"
"2020-11-09","1","0","0"
"2020-11-10","2","0","0"
"2020-11-10","2","0","0"
"2020-11-10","1","0","0"
"2020-11-10","3","0","0"
"2020-11-10","1","0","0"
"2020-11-10","28","0","4"
"2020-11-10","6","0","1"
"2020-11-10","2","0","0"
"2020-11-10","1","0","0"
"2020-11-10","37","0","1"
"2020-11-10","7","0","0"
"2020-11-10","1","0","0"
"2020-11-10","2","0","0"
"2020-11-10","5","0","0"
"2020-11-10","3","0","0"
"2020-11-10","3","0","0"
"2020-11-10","2","0","0"
"2020-11-10","1","0","0"
"2020-11-11","1","0","0"
"2020-11-11","1","0","0"
"2020-11-11","1","0","0"
"2020-11-11","28","0","1"
"2020-11-11","4","0","0"
"2020-11-11","2","0","0"
"2020-11-11","1","0","0"
"2020-11-11","1","0","0"
"2020-11-11","1","0","0"
"2020-11-11","36","0","1"
"2020-11-11","10","0","1"
"2020-11-11","1","0","0"
"2020-11-11","2","0","0"
"2020-11-11","9","0","0"
"2020-11-11","1","0","0"
"2020-11-11","5","0","0"
"2020-11-11","1","0","0"
"2020-11-12","1","0","0"
"2020-11-12","1","0","0"
"2020-11-12","2","0","0"
"2020-11-12","1","0","0"
"2020-11-12","21","0","1"
"2020-11-12","3","0","0"
"2020-11-12","2","0","0"
"2020-11-12","1","0","0"
"2020-11-12","1","0","0"
"2020-11-12","27","0","0"
"2020-11-12","9","0","0"
"2020-11-12","1","0","0"
"2020-11-12","1","0","0"
"2020-11-12","1","0","0"
"2020-11-12","1","0","0"
"2020-11-12","8","0","0"
"2020-11-12","2","0","0"
"2020-11-12","4","0","0"
"2020-11-13","1","0","0"
"2020-11-13","2","0","0"
"2020-11-13","5","0","0"
"2020-11-13","11","0","0"
"2020-11-13","4","0","1"
"2020-11-13","1","0","0"
"2020-11-13","1","0","0"
"2020-11-13","2","0","0"
"2020-11-13","1","0","0"
"2020-11-13","33","0","2"
"2020-11-13","5","1","0"
"2020-11-13","2","0","0"
"2020-11-13","11","0","0"
"2020-11-13","3","0","0"
"2020-11-13","1","0","0"
"2020-11-13","4","0","0"
"2020-11-14","1","0","0"
"2020-11-14","1","0","0"
"2020-11-14","1","0","0"
"2020-11-14","17","0","1"
"2020-11-14","4","0","0"
"2020-11-14","1","0","0"
"2020-11-14","2","0","1"
"2020-11-14","25","0","1"
"2020-11-14","2","0","0"
"2020-11-14","4","0","0"
"2020-11-14","1","0","1"
"2020-11-15","2","0","0"
"2020-11-15","12","1","1"
"2020-11-15","1","0","0"
"2020-11-15","1","0","0"
"2020-11-15","1","0","0"
"2020-11-15","18","0","1"
"2020-11-15","5","0","0"
"2020-11-15","5","0","0"
"2020-11-15","1","0","0"
"2020-11-16","1","0","0"
"2020-11-16","1","0","0"
"2020-11-16","17","0","1"
"2020-11-16","4","0","0"
"2020-11-16","2","0","0"
"2020-11-16","1","0","0"
"2020-11-16","1","0","0"
"2020-11-16","1","0","1"
"2020-11-16","26","0","0"
"2020-11-16","4","0","0"
"2020-11-16","2","0","0"
"2020-11-16","1","0","0"
"2020-11-16","1","0","0"
"2020-11-16","11","0","0"
"2020-11-16","11","0","0"
"2020-11-16","2","0","0"
"2020-11-17","1","0","0"
"2020-11-17","1","0","0"
"2020-11-17","1","0","0"
"2020-11-17","7","0","0"
"2020-11-17","2","0","0"
"2020-11-17","1","0","0"
"2020-11-17","1","0","0"
"2020-11-17","2","0","0"
"2020-11-17","16","0","0"
"2020-11-17","5","0","1"
"2020-11-17","1","0","0"
"2020-11-17","2","0","0"
"2020-11-17","1","0","0"
"2020-11-17","10","0","1"
"2020-11-17","6","0","0"
"2020-11-18","1","0","0"
"2020-11-18","2","0","0"
"2020-11-18","12","0","0"
"2020-11-18","1","0","0"
"2020-11-18","2","0","0"
"2020-11-18","20","0","0"
"2020-11-18","1","0","0"
"2020-11-18","1","0","0"
"2020-11-18","10","0","0"
"2020-11-18","7","0","0"
"2020-11-18","3","0","0"
"2020-11-18","1","0","0"
"2020-11-19","7","0","0"
"2020-11-19","1","0","0"
"2020-11-19","1","0","0"
"2020-11-19","12","0","1"
"2020-11-19","17","0","0"
"2020-11-19","12","0","0"
"2020-11-20","1","0","0"
"2020-11-20","1","0","0"
"2020-11-20","7","0","0"
"2020-11-20","1","0","0"
"2020-11-20","6","0","0"
"2020-11-20","1","0","0"
"2020-11-20","11","0","0"
"2020-11-20","2","0","0"
"2020-11-20","1","0","0"
"2020-11-21","3","0","0"
"2020-11-21","2","0","0"
"2020-11-21","1","0","1"
"2020-11-21","1","0","1"
"2020-11-21","1","0","0"
"2020-11-21","1","0","0"
"2020-11-22","1","0","0"
"2020-11-22","1","0","1"
"2020-11-22","1","0","0"
"2020-11-23","3","0","0"
